Position,Const,Created,Modified,Description,Title,URL,Title Type,IMDb Rating,Runtime (mins),Year,Genres,Num Votes,Release Date,Directors,Your Rating,Date Rated
1,tt0108052,2017-12-27,2017-12-27,,Schindler's List,https://www.imdb.com/title/tt0108052/,movie,9.0,195,1993,"Biography, Drama, History",1436762,1993-11-30,Steven Spielberg,,
2,tt0102926,2018-01-05,2018-01-05,,The Silence of the Lambs,https://www.imdb.com/title/tt0102926/,movie,8.6,118,1991,"Crime, Drama, Thriller",1532854,1991-01-30,Jonathan Demme,,
3,tt1632679,2018-03-06,2018-03-06,,Van Gogh: Painted with Words,https://www.imdb.com/title/tt1632679/,tvMovie,7.9,80,2010,"Documentary, Biography",2687,2010-04-05,Andrew Hutton,,
4,tt1045658,2018-03-06,2018-03-06,,Silver Linings Playbook,https://www.imdb.com/title/tt1045658/,movie,7.7,122,2012,"Comedy, Drama, Romance",738651,2012-09-08,David O. Russell,,
5,tt0421715,2018-03-06,2018-03-06,,The Curious Case of Benjamin Button,https://www.imdb.com/title/tt0421715/,movie,7.8,166,2008,"Drama, Fantasy, Romance",690809,2008-12-10,David Fincher,,
6,tt1645089,2018-03-06,2018-03-06,,Inside Job,https://www.imdb.com/title/tt1645089/,movie,8.2,109,2010,"Documentary, Crime",78623,2010-02-02,Charles Ferguson,,
7,tt1764183,2018-03-06,2018-03-06,,Arbitrage,https://www.imdb.com/title/tt1764183/,movie,6.6,107,2012,"Drama, Thriller",54588,2012-01-21,Nicholas Jarecki,,
8,tt1183919,2018-03-06,2018-03-06,,Marley,https://www.imdb.com/title/tt1183919/,movie,7.9,144,2012,"Documentary, Biography, Music",14302,2012-02-12,Kevin Macdonald,,
9,tt0443272,2018-03-06,2018-03-06,,Lincoln,https://www.imdb.com/title/tt0443272/,movie,7.3,150,2012,"Biography, Drama, History, War",271197,2012-10-08,Steven Spielberg,,
10,tt0120679,2018-03-08,2018-03-08,,Frida,https://www.imdb.com/title/tt0120679/,movie,7.3,123,2002,"Biography, Drama, Romance",94756,2002-08-29,Julie Taymor,,
11,tt0095243,2018-03-08,2018-03-08,,Gorillas in the Mist: The Story of Dian Fossey,https://www.imdb.com/title/tt0095243/,movie,7.0,129,1988,"Biography, Drama",28971,1988-10-07,Michael Apted,,
12,tt0450188,2018-03-08,2018-03-08,,La Môme,https://www.imdb.com/title/tt0450188/,movie,7.6,140,2007,"Biography, Drama, Music, Romance",90378,2007-02-08,Olivier Dahan,,
13,tt0436697,2018-03-08,2018-03-08,,The Queen,https://www.imdb.com/title/tt0436697/,movie,7.3,103,2006,"Biography, Drama",115596,2006-09-02,Stephen Frears,,
14,tt1007029,2018-03-08,2018-03-08,,The Iron Lady,https://www.imdb.com/title/tt1007029/,movie,6.4,105,2011,"Biography, Drama",113214,2011-12-26,Phyllida Lloyd,,
15,tt0350258,2018-03-09,2018-03-09,,Ray,https://www.imdb.com/title/tt0350258/,movie,7.7,152,2004,"Biography, Drama, Music",156493,2004-09-12,Taylor Hackford,,
16,tt2194499,2018-03-17,2018-03-17,,About Time,https://www.imdb.com/title/tt2194499/,movie,7.8,123,2013,"Comedy, Drama, Fantasy, Romance, Sci-Fi",382009,2013-06-27,Richard Curtis,,
17,tt0112384,2018-03-21,2018-03-21,,Apollo 13,https://www.imdb.com/title/tt0112384/,movie,7.7,140,1995,"Adventure, Drama, History",313032,1995-06-22,Ron Howard,,
18,tt1091191,2018-03-21,2018-03-21,,Lone Survivor,https://www.imdb.com/title/tt1091191/,movie,7.5,121,2013,"Action, Biography, Drama, War",304750,2013-11-12,Peter Berg,,
19,tt0246578,2018-03-21,2018-03-21,,Donnie Darko,https://www.imdb.com/title/tt0246578/,movie,8.0,113,2001,"Drama, Mystery, Sci-Fi, Thriller",844042,2001-01-19,Richard Kelly,,
20,tt0450259,2018-03-21,2018-03-21,,Blood Diamond,https://www.imdb.com/title/tt0450259/,movie,8.0,143,2006,"Adventure, Drama, Thriller",581687,2006-12-06,Edward Zwick,,
21,tt0119488,2018-03-21,2018-03-21,,L.A. Confidential,https://www.imdb.com/title/tt0119488/,movie,8.2,138,1997,"Crime, Drama, Mystery, Thriller",613227,1997-05-14,Curtis Hanson,,
22,tt0425210,2018-03-21,2018-03-21,,Lucky Number Slevin,https://www.imdb.com/title/tt0425210/,movie,7.7,110,2006,"Crime, Drama, Thriller",324400,2006-02-24,Paul McGuigan,,
23,tt0318462,2018-03-21,2018-03-21,,Diarios de motocicleta,https://www.imdb.com/title/tt0318462/,movie,7.7,126,2004,"Adventure, Biography, Drama",104442,2004-01-15,Walter Salles,,
24,tt0172396,2018-03-22,2018-03-22,,The End of the Affair,https://www.imdb.com/title/tt0172396/,movie,7.0,102,1999,"Drama, Romance",23850,1999-12-02,Neil Jordan,,
25,tt1563738,2018-03-22,2018-03-22,,One Day,https://www.imdb.com/title/tt1563738/,movie,7.0,107,2011,"Drama, Romance",163651,2011-08-08,Lone Scherfig,,
26,tt0332280,2018-03-22,2018-03-22,,The Notebook,https://www.imdb.com/title/tt0332280/,movie,7.8,123,2004,"Drama, Romance",613535,2004-05-20,Nick Cassavetes,,
27,tt3316960,2018-03-22,2018-03-22,,Still Alice,https://www.imdb.com/title/tt3316960/,movie,7.5,101,2014,Drama,142700,2014-09-08,"Richard Glatzer, Wash Westmoreland",,
28,tt0810819,2018-03-22,2018-03-22,,The Danish Girl,https://www.imdb.com/title/tt0810819/,movie,7.1,119,2015,"Biography, Crime, Drama",198201,2015-09-05,Tom Hooper,,
29,tt1798709,2018-03-22,2018-03-22,,Her,https://www.imdb.com/title/tt1798709/,movie,8.0,126,2013,"Drama, Romance, Sci-Fi",663413,2013-10-12,Spike Jonze,,
30,tt0098904,2018-03-23,2018-03-23,,Seinfeld,https://www.imdb.com/title/tt0098904/,tvSeries,8.9,22,1989,Comedy,347566,1989-07-05,,,
31,tt0368794,2018-03-31,2018-03-31,,I'm Not There,https://www.imdb.com/title/tt0368794/,movie,6.8,135,2007,"Biography, Drama, Music",60924,2007-09-03,Todd Haynes,,
32,tt0449059,2018-04-01,2018-04-01,,Little Miss Sunshine,https://www.imdb.com/title/tt0449059/,movie,7.8,101,2006,"Comedy, Drama",513946,2006-01-20,"Jonathan Dayton, Valerie Faris",,
33,tt0416508,2018-04-01,2018-04-01,,Becoming Jane,https://www.imdb.com/title/tt0416508/,movie,7.0,120,2007,"Biography, Drama, Romance",64766,2007-03-02,Julian Jarrold,,
34,tt1748122,2018-04-01,2018-04-01,,Moonrise Kingdom,https://www.imdb.com/title/tt1748122/,movie,7.8,94,2012,"Adventure, Comedy, Drama, Family, Fantasy, Romance",365396,2012-05-16,Wes Anderson,,
35,tt0147800,2018-04-02,2018-04-02,,10 Things I Hate About You,https://www.imdb.com/title/tt0147800/,movie,7.3,97,1999,"Comedy, Drama, Romance",379447,1999-03-31,Gil Junger,,
36,tt0169547,2018-04-03,2018-04-03,,American Beauty,https://www.imdb.com/title/tt0169547/,movie,8.3,122,1999,Drama,1203396,1999-09-08,Sam Mendes,,
37,tt2283362,2018-04-03,2018-04-03,,Jumanji: Welcome to the Jungle,https://www.imdb.com/title/tt2283362/,movie,6.9,119,2017,"Action, Adventure, Comedy, Fantasy",422001,2017-12-05,Jake Kasdan,,
38,tt0482571,2018-04-11,2018-04-11,,The Prestige,https://www.imdb.com/title/tt0482571/,movie,8.5,130,2006,"Drama, Mystery, Sci-Fi, Thriller",1426835,2006-10-17,Christopher Nolan,,
39,tt2402927,2018-04-12,2018-04-12,,Carol,https://www.imdb.com/title/tt2402927/,movie,7.2,118,2015,"Drama, Romance",141236,2015-05-17,Todd Haynes,,
40,tt3464902,2018-04-12,2018-04-12,,The Lobster,https://www.imdb.com/title/tt3464902/,movie,7.1,119,2015,"Drama, Romance, Sci-Fi, Thriller",288872,2015-05-15,Yorgos Lanthimos,,
41,tt0309987,2018-04-16,2018-04-16,,The Dreamers,https://www.imdb.com/title/tt0309987/,movie,7.1,115,2003,"Drama, Romance",130349,2003-09-01,Bernardo Bertolucci,,
42,tt0110950,2018-04-22,2018-04-22,,Reality Bites,https://www.imdb.com/title/tt0110950/,movie,6.6,99,1994,"Comedy, Drama, Romance",53295,1994-01-31,Ben Stiller,,
43,tt5726616,2018-04-22,2018-04-22,,Call Me by Your Name,https://www.imdb.com/title/tt5726616/,movie,7.8,132,2017,"Drama, Romance",309314,2017-01-22,Luca Guadagnino,,
44,tt5776858,2018-04-22,2018-04-22,,Phantom Thread,https://www.imdb.com/title/tt5776858/,movie,7.4,130,2017,"Drama, Romance",144090,2017-12-11,Paul Thomas Anderson,,
45,tt0091954,2018-05-10,2018-05-10,,Sid and Nancy,https://www.imdb.com/title/tt0091954/,movie,7.0,112,1986,"Biography, Drama, Music, Romance",34479,1986-05-14,Alex Cox,,
46,tt1980929,2018-05-18,2018-05-18,,Begin Again,https://www.imdb.com/title/tt1980929/,movie,7.4,104,2013,"Comedy, Drama, Music, Romance",165884,2013-09-07,John Carney,,
47,tt0110712,2018-05-26,2018-05-26,,Of Love and Shadows,https://www.imdb.com/title/tt0110712/,movie,5.0,105,1994,"Drama, Romance, Thriller, War",2369,1994-09-26,Betty Kaplan,,
48,tt0099797,2018-05-26,2018-05-26,,The Hot Spot,https://www.imdb.com/title/tt0099797/,movie,6.4,130,1990,"Crime, Drama, Romance, Thriller",13343,1990-08-31,Dennis Hopper,,
49,tt0117107,2018-05-26,2018-05-26,,Mulholland Falls,https://www.imdb.com/title/tt0117107/,movie,6.3,107,1996,"Crime, Drama, Mystery, Thriller",18827,1996-04-23,Lee Tamahori,,
50,tt1291584,2018-05-27,2018-05-27,,Warrior,https://www.imdb.com/title/tt1291584/,movie,8.1,140,2011,"Action, Drama, Sport",494820,2011-09-09,Gavin O'Connor,,
51,tt0388795,2018-06-05,2018-06-05,,Brokeback Mountain,https://www.imdb.com/title/tt0388795/,movie,7.7,134,2005,"Drama, Romance",379072,2005-09-02,Ang Lee,,
52,tt1491044,2018-06-14,2018-06-14,,The Iceman,https://www.imdb.com/title/tt1491044/,movie,6.8,106,2012,"Biography, Crime, Drama, Mystery, Thriller",78818,2012-08-30,Ariel Vromen,,
53,tt0118799,2018-06-14,2018-06-14,,La vita è bella,https://www.imdb.com/title/tt0118799/,movie,8.6,116,1997,"Comedy, Drama, Romance, War",737077,1997-12-20,Roberto Benigni,,
54,tt2106476,2018-06-14,2018-06-14,,Jagten,https://www.imdb.com/title/tt2106476/,movie,8.3,115,2012,Drama,360207,2012-05-20,Thomas Vinterberg,,
55,tt4463816,2018-06-17,2018-06-17,,Terminal,https://www.imdb.com/title/tt4463816/,movie,5.3,95,2018,"Action, Comedy, Crime, Drama, Mystery, Thriller",25047,2018-05-10,Vaughn Stein,,
56,tt5673782,2018-06-18,2018-06-18,,Genius,https://www.imdb.com/title/tt5673782/,tvSeries,8.2,43,2017,"Biography, Drama, History",19894,2017-04-23,,,
57,tt2937898,2018-06-22,2018-06-22,,A Most Violent Year,https://www.imdb.com/title/tt2937898/,movie,7.0,125,2014,"Action, Crime, Drama, Thriller",77011,2014-11-06,J.C. Chandor,,
58,tt2095649,2018-06-22,2018-06-22,,Grace of Monaco,https://www.imdb.com/title/tt2095649/,movie,5.7,103,2014,"Biography, Drama, Romance",21095,2014-05-14,Olivier Dahan,,
59,tt2025690,2018-06-22,2018-06-22,,The Finest Hours,https://www.imdb.com/title/tt2025690/,movie,6.7,117,2016,"Action, Drama, History, Thriller",70360,2016-01-27,Craig Gillespie,,
60,tt1266020,2018-06-26,2018-06-26,,Parks and Recreation,https://www.imdb.com/title/tt1266020/,tvSeries,8.6,22,2009,Comedy,284909,2009-04-09,,,
61,tt1216491,2018-06-29,2018-06-29,,Kill the Messenger,https://www.imdb.com/title/tt1216491/,movie,6.9,112,2014,"Biography, Crime, Drama, Mystery, Thriller",48587,2014-09-28,Michael Cuesta,,
62,tt0944835,2018-07-02,2018-07-02,,Salt,https://www.imdb.com/title/tt0944835/,movie,6.4,100,2010,"Action, Thriller",328626,2010-07-19,Phillip Noyce,,
63,tt0167261,2018-07-02,2018-07-02,,The Lord of the Rings: The Two Towers,https://www.imdb.com/title/tt0167261/,movie,8.8,179,2002,"Action, Adventure, Drama, Fantasy",1766182,2002-12-05,Peter Jackson,,
64,tt1582457,2018-07-03,2018-07-03,,The Borgias,https://www.imdb.com/title/tt1582457/,tvSeries,7.9,50,2011,"Crime, Drama, History, Romance",53620,2011-04-03,,,
65,tt0758758,2018-07-03,2018-07-03,,Into the Wild,https://www.imdb.com/title/tt0758758/,movie,8.1,148,2007,"Adventure, Biography, Drama",653783,2007-09-01,Sean Penn,,
66,tt2980472,2018-07-03,2018-07-03,,Just Before I Go,https://www.imdb.com/title/tt2980472/,movie,6.3,95,2014,"Comedy, Drama",19381,2014-04-24,Courteney Cox,,
67,tt0103858,2018-07-03,2018-07-03,,Bonnie & Clyde: The True Story,https://www.imdb.com/title/tt0103858/,tvMovie,5.4,93,1992,"Crime, Drama",342,1992-08-17,Gary Hoffman,,
68,tt0379725,2018-07-03,2018-07-03,,Capote,https://www.imdb.com/title/tt0379725/,movie,7.3,114,2005,"Biography, Crime, Drama, History",139941,2005-09-02,Bennett Miller,,
69,tt0420609,2018-07-03,2018-07-03,,Infamous,https://www.imdb.com/title/tt0420609/,movie,7.0,110,2006,"Biography, Crime, Drama",18123,2006-08-31,Douglas McGrath,,
70,tt0119683,2018-07-09,2018-07-09,,Les Misérables,https://www.imdb.com/title/tt0119683/,movie,7.4,134,1998,"Crime, Drama, Romance",43015,1998-05-01,Bille August,,
71,tt5027774,2018-07-25,2018-07-25,,"Three Billboards Outside Ebbing, Missouri",https://www.imdb.com/title/tt5027774/,movie,8.1,115,2017,"Comedy, Crime, Drama",549516,2017-09-04,Martin McDonagh,,
72,tt4530422,2018-07-25,2018-07-25,,Overlord,https://www.imdb.com/title/tt4530422/,movie,6.6,110,2018,"Action, Horror, Sci-Fi, War",105880,2018-09-22,Julius Avery,,
73,tt2873282,2018-07-25,2018-07-25,,Red Sparrow,https://www.imdb.com/title/tt2873282/,movie,6.6,140,2018,"Action, Drama, Thriller",200137,2018-02-19,Francis Lawrence,,
74,tt0285823,2018-07-26,2018-07-26,,Once Upon a Time in Mexico,https://www.imdb.com/title/tt0285823/,movie,6.3,102,2003,"Action, Crime, Thriller",169009,2003-08-27,Robert Rodriguez,,
75,tt0117318,2018-08-02,2018-08-02,,The People vs. Larry Flynt,https://www.imdb.com/title/tt0117318/,movie,7.3,130,1996,"Biography, Drama",100198,1996-10-13,Milos Forman,,
76,tt0125664,2018-08-02,2018-08-02,,Man on the Moon,https://www.imdb.com/title/tt0125664/,movie,7.4,118,1999,"Biography, Comedy, Drama",136809,1999-12-07,Milos Forman,,
77,tt0421239,2018-08-06,2018-08-06,,Red Eye,https://www.imdb.com/title/tt0421239/,movie,6.5,85,2005,Thriller,134094,2005-06-10,Wes Craven,,
78,tt1606389,2018-08-06,2018-08-06,,The Vow,https://www.imdb.com/title/tt1606389/,movie,6.8,104,2012,"Drama, Romance",203732,2012-02-06,Michael Sucsy,,
79,tt1972571,2018-08-06,2018-08-06,,A Most Wanted Man,https://www.imdb.com/title/tt1972571/,movie,6.7,122,2014,"Crime, Drama, Thriller",79720,2014-01-19,Anton Corbijn,,
80,tt0110632,2018-08-13,2018-08-13,,Natural Born Killers,https://www.imdb.com/title/tt0110632/,movie,7.2,119,1994,"Action, Crime, Romance",249975,1994-08-26,Oliver Stone,,
81,tt0102138,2018-08-13,2018-08-13,,JFK,https://www.imdb.com/title/tt0102138/,movie,8.0,189,1991,"Drama, History, Thriller",168756,1991-12-19,Oliver Stone,,
82,tt2345112,2018-08-13,2018-08-13,,Parkland,https://www.imdb.com/title/tt2345112/,movie,6.4,93,2013,"Drama, History, Mystery, Thriller",17337,2013-09-01,Peter Landesman,,
83,tt0077928,2018-08-16,2018-08-16,,Midnight Express,https://www.imdb.com/title/tt0077928/,movie,7.5,121,1978,"Biography, Crime, Drama, Thriller",87703,1978-05-18,Alan Parker,,
84,tt0101761,2018-08-16,2018-08-16,,The Doors,https://www.imdb.com/title/tt0101761/,movie,7.2,140,1991,"Biography, Drama, Music",98408,1991-02-23,Oliver Stone,,
85,tt0091886,2018-08-16,2018-08-16,,Salvador,https://www.imdb.com/title/tt0091886/,movie,7.4,122,1986,"Drama, History, Thriller, War",22982,1986-02-28,Oliver Stone,,
86,tt0113987,2018-08-16,2018-08-16,,Nixon,https://www.imdb.com/title/tt0113987/,movie,7.1,192,1995,"Biography, Drama, History",32560,1995-12-20,Oliver Stone,,
87,tt1700808,2018-08-25,2018-08-25,,Fast Girls,https://www.imdb.com/title/tt1700808/,movie,6.2,91,2012,"Drama, Sport",3869,2012-06-15,Regan Hall,,
88,tt0497465,2018-08-25,2018-08-25,,Vicky Cristina Barcelona,https://www.imdb.com/title/tt0497465/,movie,7.1,96,2008,"Comedy, Drama, Romance",267664,2008-05-17,Woody Allen,,
89,tt1120985,2018-09-03,2018-09-03,,Blue Valentine,https://www.imdb.com/title/tt1120985/,movie,7.3,112,2010,"Drama, Romance",210036,2010-01-24,Derek Cianfrance,,
90,tt0167260,2018-09-04,2018-09-04,,The Lord of the Rings: The Return of the King,https://www.imdb.com/title/tt0167260/,movie,9.0,201,2003,"Action, Adventure, Drama, Fantasy",1959126,2003-12-01,Peter Jackson,,
91,tt1174732,2018-09-12,2018-09-12,,An Education,https://www.imdb.com/title/tt1174732/,movie,7.3,100,2009,Drama,137878,2009-01-18,Lone Scherfig,,
92,tt1334260,2018-09-12,2018-09-12,,Never Let Me Go,https://www.imdb.com/title/tt1334260/,movie,7.1,103,2010,"Drama, Romance, Sci-Fi, Thriller",152382,2010-09-03,Mark Romanek,,
93,tt0100797,2018-09-17,2018-09-17,,Too Young to Die?,https://www.imdb.com/title/tt0100797/,tvMovie,5.9,92,1990,"Crime, Drama",4231,1990-02-26,Robert Markowitz,,
94,tt0164114,2018-09-24,2018-09-24,,Drive Me Crazy,https://www.imdb.com/title/tt0164114/,movie,5.8,91,1999,"Comedy, Drama, Romance",21091,1999-09-22,John Schultz,,
95,tt1028528,2018-09-25,2018-09-25,,Death Proof,https://www.imdb.com/title/tt1028528/,movie,7.0,127,2007,"Action, Thriller",311455,2007-05-22,Quentin Tarantino,,
96,tt0119396,2018-09-25,2018-09-25,,Jackie Brown,https://www.imdb.com/title/tt0119396/,movie,7.5,154,1997,"Crime, Drama, Thriller",371379,1997-12-08,Quentin Tarantino,,
97,tt0113101,2018-09-25,2018-09-25,,Four Rooms,https://www.imdb.com/title/tt0113101/,movie,6.7,98,1995,Comedy,110477,1995-09-16,"Quentin Tarantino, Alexandre Rockwell, Allison Anders, Robert Rodriguez, Chuck Jones",,
98,tt1619029,2018-10-04,2018-10-04,,Jackie,https://www.imdb.com/title/tt1619029/,movie,6.7,100,2016,"Biography, Drama",83130,2016-09-07,Pablo Larraín,,
99,tt1356864,2018-10-04,2018-10-04,,I'm Still Here,https://www.imdb.com/title/tt1356864/,movie,6.2,108,2010,"Comedy, Drama, Music",23783,2010-09-06,Casey Affleck,,
100,tt3077214,2018-11-04,2018-11-04,,Suffragette,https://www.imdb.com/title/tt3077214/,movie,6.9,106,2015,"Drama, History",44372,2015-09-04,Sarah Gavron,,
101,tt2305051,2018-11-23,2018-11-23,,Wild,https://www.imdb.com/title/tt2305051/,movie,7.1,115,2014,"Adventure, Biography, Drama",137727,2014-08-29,Jean-Marc Vallée,,
102,tt2378281,2018-12-17,2018-12-17,,No se aceptan devoluciones,https://www.imdb.com/title/tt2378281/,movie,7.5,115,2013,"Comedy, Drama",32522,2013-08-30,Eugenio Derbez,,
103,tt0115798,2019-01-02,2019-01-02,,The Cable Guy,https://www.imdb.com/title/tt0115798/,movie,6.1,96,1996,"Comedy, Drama, Thriller",176729,1996-06-10,Ben Stiller,,
104,tt2387513,2019-01-19,2019-01-19,,Libertador,https://www.imdb.com/title/tt2387513/,movie,6.8,119,2013,"Biography, Drama, History",5545,2013-09-09,Alberto Arvelo,,
105,tt1974420,2019-01-21,2019-01-21,,Rules Don't Apply,https://www.imdb.com/title/tt1974420/,movie,5.7,127,2016,"Comedy, Drama, Romance",11607,2016-11-10,Warren Beatty,,
106,tt1570728,2019-02-16,2019-02-16,,"Crazy, Stupid, Love.",https://www.imdb.com/title/tt1570728/,movie,7.4,118,2011,"Comedy, Drama, Romance",558941,2011-07-19,"Glenn Ficarra, John Requa",,
107,tt2872718,2019-02-16,2019-02-16,,Nightcrawler,https://www.imdb.com/title/tt2872718/,movie,7.8,117,2014,"Crime, Drama, Thriller",598477,2014-09-05,Dan Gilroy,,
108,tt1307068,2019-02-28,2019-02-28,,Seeking a Friend for the End of the World,https://www.imdb.com/title/tt1307068/,movie,6.7,101,2012,"Adventure, Comedy, Drama, Romance, Sci-Fi",118404,2012-06-18,Lorene Scafaria,,
109,tt1675434,2019-03-01,2019-03-01,,Intouchables,https://www.imdb.com/title/tt1675434/,movie,8.5,112,2011,"Comedy, Drama",919450,2011-09-23,"Olivier Nakache, Éric Toledano",,
110,tt6966692,2019-03-01,2019-03-01,,Green Book,https://www.imdb.com/title/tt6966692/,movie,8.2,130,2018,"Biography, Comedy, Drama, Music",558095,2018-09-11,Peter Farrelly,,
111,tt1517451,2019-03-01,2019-03-01,,A Star Is Born,https://www.imdb.com/title/tt1517451/,movie,7.6,136,2018,"Drama, Music, Romance",415212,2018-08-31,Bradley Cooper,,
112,tt3014078,2019-03-04,2019-03-04,,Shangri-La Suite,https://www.imdb.com/title/tt3014078/,movie,5.1,90,2016,"Action, Crime, Drama, Romance",991,2016-10-28,Eddie O'Keefe,,
113,tt0099810,2019-03-06,2019-03-06,,The Hunt for Red October,https://www.imdb.com/title/tt0099810/,movie,7.5,135,1990,"Action, Adventure, Thriller",212966,1990-03-02,John McTiernan,,
114,tt0368447,2019-03-06,2019-03-06,,The Village,https://www.imdb.com/title/tt0368447/,movie,6.6,108,2004,"Drama, Mystery, Thriller",275973,2004-07-26,M. Night Shyamalan,,
115,tt0098635,2019-03-06,2019-03-06,,When Harry Met Sally...,https://www.imdb.com/title/tt0098635/,movie,7.7,95,1989,"Comedy, Drama, Romance",240061,1989-07-12,Rob Reiner,,
116,tt2452244,2019-03-06,2019-03-06,,Isn't It Romantic,https://www.imdb.com/title/tt2452244/,movie,5.9,89,2019,"Comedy, Fantasy, Musical, Romance",73401,2019-02-11,Todd Strauss-Schulson,,
117,tt5083738,2019-03-07,2019-03-07,,The Favourite,https://www.imdb.com/title/tt5083738/,movie,7.5,119,2018,"Biography, Comedy, Drama, History",225866,2018-08-30,Yorgos Lanthimos,,
118,tt0110322,2019-03-07,2019-03-07,,Legends of the Fall,https://www.imdb.com/title/tt0110322/,movie,7.5,133,1994,"Drama, Romance, War, Western",181131,1994-12-23,Edward Zwick,,
119,tt0120591,2019-03-07,2019-03-07,,Armageddon,https://www.imdb.com/title/tt0120591/,movie,6.7,151,1998,"Action, Adventure, Sci-Fi, Thriller",448030,1998-06-30,Michael Bay,,
120,tt1190080,2019-03-07,2019-03-07,,2012,https://www.imdb.com/title/tt1190080/,movie,5.8,158,2009,"Action, Adventure, Sci-Fi",395381,2009-11-11,Roland Emmerich,,
121,tt0118866,2019-03-11,2019-03-11,,Clockwatchers,https://www.imdb.com/title/tt0118866/,movie,6.6,96,1997,"Comedy, Drama",6362,1997-06-12,Jill Sprecher,,
122,tt1935179,2019-03-15,2019-03-15,,Mud,https://www.imdb.com/title/tt1935179/,movie,7.4,130,2012,"Adventure, Drama",187848,2012-05-26,Jeff Nichols,,
123,tt1189340,2019-03-15,2019-03-15,,The Lincoln Lawyer,https://www.imdb.com/title/tt1189340/,movie,7.3,118,2011,"Crime, Drama, Mystery, Thriller",252362,2011-03-10,Brad Furman,,
124,tt0175880,2019-03-15,2019-03-15,,Magnolia,https://www.imdb.com/title/tt0175880/,movie,8.0,188,1999,Drama,326641,1999-12-08,Paul Thomas Anderson,,
125,tt0910936,2019-03-15,2019-03-15,,Pineapple Express,https://www.imdb.com/title/tt0910936/,movie,6.9,111,2008,"Action, Comedy, Crime",355581,2008-07-31,David Gordon Green,,
126,tt2654746,2019-03-15,2019-03-15,,Living Neverland,https://www.imdb.com/title/tt2654746/,movie,5.8,317,2013,"Documentary, Adventure, Family, Fantasy, Romance",12,2013-01-26,Wendell Charles NeSmith,,
127,tt0112740,2019-03-15,2019-03-15,,Crimson Tide,https://www.imdb.com/title/tt0112740/,movie,7.3,116,1995,"Action, Drama, Thriller, War",122289,1995-04-01,Tony Scott,,
128,tt0410316,2019-03-15,2019-03-15,,Mi mejor enemigo,https://www.imdb.com/title/tt0410316/,movie,7.2,100,2005,"Comedy, Drama",1099,2005-05-05,Alex Bowen,,
129,tt2024519,2019-03-16,2019-03-16,,The Broken Circle Breakdown,https://www.imdb.com/title/tt2024519/,movie,7.7,111,2012,"Drama, Music, Romance",43128,2012-10-10,Felix van Groeningen,,
130,tt1075110,2019-03-16,2019-03-16,,De helaasheid der dingen,https://www.imdb.com/title/tt1075110/,movie,7.3,108,2009,"Comedy, Drama",11475,2009-05-16,Felix van Groeningen,,
131,tt6408226,2019-03-27,2019-03-27,,Newness,https://www.imdb.com/title/tt6408226/,movie,6.3,117,2017,"Drama, Romance",17862,2017-01-25,Drake Doremus,,
132,tt1587828,2019-03-27,2019-03-27,,Bruna Surfistinha,https://www.imdb.com/title/tt1587828/,movie,6.2,131,2011,"Biography, Drama",7896,2011-02-25,Marcus Baldini,,
133,tt3774694,2019-03-27,2019-03-27,,Love,https://www.imdb.com/title/tt3774694/,movie,6.1,135,2015,"Drama, Romance",65929,2015-05-20,Gaspar Noé,,
134,tt1774591,2019-03-27,2019-03-27,,Teenage Cocktail,https://www.imdb.com/title/tt1774591/,movie,5.8,88,2016,"Drama, Thriller",5493,2016-03-12,John Carchietta,,
135,tt5073620,2019-03-27,2019-03-27,,Below Her Mouth,https://www.imdb.com/title/tt5073620/,movie,5.5,94,2016,"Drama, Romance",14140,2016-09-10,April Mullen,,
136,tt0258000,2019-03-28,2019-03-28,,Panic Room,https://www.imdb.com/title/tt0258000/,movie,6.8,112,2002,"Crime, Drama, Thriller",295019,2002-03-18,David Fincher,,
137,tt0119174,2019-03-28,2019-03-28,,The Game,https://www.imdb.com/title/tt0119174/,movie,7.7,129,1997,"Drama, Mystery, Thriller",425509,1997-09-03,David Fincher,,
138,tt0791304,2019-04-14,2019-04-14,,Georgia Rule,https://www.imdb.com/title/tt0791304/,movie,5.9,113,2007,"Comedy, Drama",26429,2007-05-10,Garry Marshall,,
139,tt3365778,2019-04-15,2019-04-15,,Respire,https://www.imdb.com/title/tt3365778/,movie,7.0,91,2014,Drama,7790,2014-05-17,Mélanie Laurent,,
140,tt0381681,2019-04-15,2019-04-15,,Before Sunset,https://www.imdb.com/title/tt0381681/,movie,8.1,80,2004,"Drama, Romance",285357,2004-02-10,Richard Linklater,,
141,tt2209418,2019-04-15,2019-04-15,,Before Midnight,https://www.imdb.com/title/tt2209418/,movie,7.9,109,2013,"Drama, Romance",170878,2013-01-20,Richard Linklater,,
142,tt0112471,2019-04-15,2019-04-15,,Before Sunrise,https://www.imdb.com/title/tt0112471/,movie,8.1,101,1995,"Drama, Romance",335936,1995-01-19,Richard Linklater,,
143,tt0155267,2019-04-18,2019-04-18,,The Thomas Crown Affair,https://www.imdb.com/title/tt0155267/,movie,6.8,113,1999,"Crime, Romance, Thriller",99544,1999-07-27,John McTiernan,,
144,tt0440963,2019-04-21,2019-04-21,,The Bourne Ultimatum,https://www.imdb.com/title/tt0440963/,movie,8.0,115,2007,"Action, Mystery, Thriller",655474,2007-07-25,Paul Greengrass,,
145,tt1194173,2019-04-21,2019-04-21,,The Bourne Legacy,https://www.imdb.com/title/tt1194173/,movie,6.6,135,2012,"Action, Adventure, Thriller",314291,2012-07-30,Tony Gilroy,,
146,tt4196776,2019-04-21,2019-04-21,,Jason Bourne,https://www.imdb.com/title/tt4196776/,movie,6.6,123,2016,"Action, Thriller",240478,2016-07-03,Paul Greengrass,,
147,tt0372183,2019-04-21,2019-04-21,,The Bourne Supremacy,https://www.imdb.com/title/tt0372183/,movie,7.7,108,2004,"Action, Mystery, Thriller",484259,2004-07-16,Paul Greengrass,,
148,tt1014763,2019-04-25,2019-04-25,,Child 44,https://www.imdb.com/title/tt1014763/,movie,6.4,137,2015,"Crime, Drama, History, Mystery, Thriller",75433,2015-04-15,Daniel Espinosa,,
149,tt0110005,2019-04-25,2019-04-25,,Heavenly Creatures,https://www.imdb.com/title/tt0110005/,movie,7.3,99,1994,"Biography, Crime, Drama, Thriller",67064,1994-07-08,Peter Jackson,,
150,tt2229499,2019-05-04,2019-05-04,,Don Jon,https://www.imdb.com/title/tt2229499/,movie,6.5,90,2013,"Comedy, Drama, Romance",246282,2013-01-18,Joseph Gordon-Levitt,,
151,tt1045772,2019-05-12,2019-05-12,,I Love You Phillip Morris,https://www.imdb.com/title/tt1045772/,movie,6.6,102,2009,"Biography, Comedy, Crime, Drama, Romance",99474,2009-01-18,"Glenn Ficarra, John Requa",,
152,tt0347449,2019-05-16,2019-05-16,,Luna de Avellaneda,https://www.imdb.com/title/tt0347449/,movie,7.2,143,2004,"Comedy, Drama, Sport",5610,2004-05-20,Juan José Campanella,,
153,tt0292542,2019-05-16,2019-05-16,,El hijo de la novia,https://www.imdb.com/title/tt0292542/,movie,7.8,123,2001,"Comedy, Drama",16426,2001-08-16,Juan José Campanella,,
154,tt5834204,2019-05-16,2019-05-16,,The Handmaid's Tale,https://www.imdb.com/title/tt5834204/,tvSeries,8.4,60,2017,"Drama, Sci-Fi, Thriller",255549,2017-04-24,,,
155,tt2814362,2019-05-21,2019-05-21,,United Passions,https://www.imdb.com/title/tt2814362/,movie,2.1,110,2014,"Drama, History, Sport",4409,2014-05-18,Frédéric Auburtin,,
156,tt1125929,2019-05-22,2019-05-22,,Love Ranch,https://www.imdb.com/title/tt1125929/,movie,5.6,117,2010,"Biography, Comedy, Drama, Romance, Sport",3356,2010-06-30,Taylor Hackford,,
157,tt6938828,2019-05-22,2019-05-22,,At Eternity's Gate,https://www.imdb.com/title/tt6938828/,movie,6.9,111,2018,"Biography, Drama, History",39488,2018-09-03,Julian Schnabel,,
158,tt9852660,2019-05-22,2019-05-22,,Monzón,https://www.imdb.com/title/tt9852660/,tvSeries,7.9,44,2019,"Biography, Crime, Drama, History, Sport",840,2019-03-25,,,
159,tt3361792,2019-05-22,2019-05-22,,Tolkien,https://www.imdb.com/title/tt3361792/,movie,6.8,112,2019,"Biography, Drama, Romance, War",46064,2019-04-29,Dome Karukoski,,
160,tt0097457,2019-05-22,2019-05-22,,Great Balls of Fire!,https://www.imdb.com/title/tt0097457/,movie,6.3,108,1989,"Biography, Drama, Music",18812,1989-06-26,Jim McBride,,
161,tt0116695,2019-05-24,2019-05-24,,Jerry Maguire,https://www.imdb.com/title/tt0116695/,movie,7.3,139,1996,"Comedy, Drama, Romance, Sport",284853,1996-12-06,Cameron Crowe,,
162,tt1650048,2019-05-26,2019-05-26,,Laurence Anyways,https://www.imdb.com/title/tt1650048/,movie,7.6,168,2012,"Drama, Romance",22053,2012-05-18,Xavier Dolan,,
163,tt0375210,2019-06-05,2019-06-05,,White Noise,https://www.imdb.com/title/tt0375210/,movie,5.5,101,2005,"Drama, Horror, Mystery, Thriller",50583,2005-01-07,Geoffrey Sax,,
164,tt0082334,2019-06-05,2019-06-05,,The Entity,https://www.imdb.com/title/tt0082334/,movie,6.7,125,1982,"Drama, Horror",18100,1982-09-30,Sidney J. Furie,,
165,tt0118845,2019-06-21,2019-06-21,,Chun gwong cha sit,https://www.imdb.com/title/tt0118845/,movie,7.7,96,1997,"Drama, Romance",33565,1997-05-17,Kar-Wai Wong,,
166,tt0467406,2019-06-25,2019-06-25,,Juno,https://www.imdb.com/title/tt0467406/,movie,7.5,96,2007,"Comedy, Drama",546287,2007-09-01,Jason Reitman,,
167,tt2172934,2019-06-28,2019-06-28,,3 Days to Kill,https://www.imdb.com/title/tt2172934/,movie,6.2,117,2014,"Action, Comedy, Drama, Thriller",97254,2014-02-12,McG,,
168,tt1735907,2019-06-28,2019-06-28,,The Adderall Diaries,https://www.imdb.com/title/tt1735907/,movie,5.2,87,2015,"Crime, Drama, Mystery, Thriller",6091,2015-04-16,Pamela Romanowsky,,
169,tt3659388,2019-07-05,2019-07-05,,The Martian,https://www.imdb.com/title/tt3659388/,movie,8.0,144,2015,"Adventure, Drama, Sci-Fi",913948,2015-09-11,Ridley Scott,,
170,tt1321870,2019-07-10,2019-07-10,,Gangster Squad,https://www.imdb.com/title/tt1321870/,movie,6.7,113,2013,"Action, Crime, Drama, Thriller",222016,2013-01-07,Ruben Fleischer,,
171,tt1790885,2019-07-13,2019-07-13,,Zero Dark Thirty,https://www.imdb.com/title/tt1790885/,movie,7.4,157,2012,"Drama, History, Thriller",317078,2012-12-10,Kathryn Bigelow,,
172,tt7204348,2019-07-21,2019-07-21,,El ángel,https://www.imdb.com/title/tt7204348/,movie,6.9,118,2018,"Biography, Crime, Drama",11477,2018-05-11,Luis Ortega,,
173,tt1705786,2019-07-21,2019-07-21,,Un cuento chino,https://www.imdb.com/title/tt1705786/,movie,7.3,93,2011,"Comedy, Drama",19406,2011-03-24,Sebastián Borensztein,,
174,tt0093409,2019-08-04,2019-08-04,,Lethal Weapon,https://www.imdb.com/title/tt0093409/,movie,7.6,109,1987,"Action, Crime, Thriller",274451,1987-03-06,Richard Donner,,
175,tt8453986,2019-08-07,2019-08-07,,El cuento de las comadrejas,https://www.imdb.com/title/tt8453986/,movie,7.2,129,2019,"Comedy, Drama",3633,2019-05-16,Juan José Campanella,,
176,tt2674426,2019-08-18,2019-08-18,,Me Before You,https://www.imdb.com/title/tt2674426/,movie,7.4,110,2016,"Drama, Romance",283360,2016-05-23,Thea Sharrock,,
177,tt1441912,2019-09-07,2019-09-07,,The Way,https://www.imdb.com/title/tt1441912/,movie,7.3,123,2010,"Comedy, Drama",35051,2010-09-10,Emilio Estevez,,
178,tt3300542,2019-09-10,2019-09-10,,London Has Fallen,https://www.imdb.com/title/tt3300542/,movie,5.9,99,2016,"Action, Thriller",168456,2016-02-25,Babak Najafi,,
179,tt6189022,2019-09-10,2019-09-10,,Angel Has Fallen,https://www.imdb.com/title/tt6189022/,movie,6.4,121,2019,"Action, Thriller",109122,2019-08-20,Ric Roman Waugh,,
180,tt2302755,2019-09-10,2019-09-10,,Olympus Has Fallen,https://www.imdb.com/title/tt2302755/,movie,6.5,119,2013,"Action, Thriller",290680,2013-03-18,Antoine Fuqua,,
181,tt0758766,2019-09-15,2019-09-15,,Music and Lyrics,https://www.imdb.com/title/tt0758766/,movie,6.5,104,2007,"Comedy, Music, Romance",106857,2007-02-09,Marc Lawrence,,
182,tt0067116,2019-09-15,2019-09-15,,The French Connection,https://www.imdb.com/title/tt0067116/,movie,7.7,104,1971,"Action, Crime, Drama, Thriller",134349,1971-10-07,William Friedkin,,
183,tt0259711,2019-09-15,2019-09-15,,Vanilla Sky,https://www.imdb.com/title/tt0259711/,movie,6.9,136,2001,"Fantasy, Mystery, Romance, Sci-Fi, Thriller",283962,2001-12-10,Cameron Crowe,,
184,tt4682788,2019-09-15,2019-09-15,,Loving Pablo,https://www.imdb.com/title/tt4682788/,movie,6.3,123,2017,"Biography, Crime, Drama",22218,2017-09-06,Fernando León de Aranoa,,
185,tt3402236,2019-09-15,2019-09-15,,Murder on the Orient Express,https://www.imdb.com/title/tt3402236/,movie,6.5,114,2017,"Crime, Drama, Mystery",293063,2017-11-03,Kenneth Branagh,,
186,tt0077280,2019-09-19,2019-09-19,,The Buddy Holly Story,https://www.imdb.com/title/tt0077280/,movie,7.2,114,1978,"Biography, Drama, Music",9916,1978-05-18,Steve Rash,,
187,tt0401445,2019-09-19,2019-09-19,,A Good Year,https://www.imdb.com/title/tt0401445/,movie,6.9,117,2006,"Comedy, Drama, Romance",100835,2006-09-09,Ridley Scott,,
188,tt0319061,2019-09-19,2019-09-19,,Big Fish,https://www.imdb.com/title/tt0319061/,movie,8.0,125,2003,"Adventure, Drama, Fantasy, Romance",456937,2003-12-04,Tim Burton,,
189,tt8266310,2019-09-24,2019-09-24,,Blinded by the Light,https://www.imdb.com/title/tt8266310/,movie,6.9,118,2019,"Comedy, Drama, Music",27118,2019-01-27,Gurinder Chadha,,
190,tt10298454,2019-09-26,2019-09-26,,Así habló el cambista,https://www.imdb.com/title/tt10298454/,movie,6.3,97,2019,"Comedy, Drama",311,2019-09-08,Federico Veiroj,,
191,tt6386748,2019-09-26,2019-09-26,,Pájaros de verano,https://www.imdb.com/title/tt6386748/,movie,7.5,125,2018,"Crime, Drama",13048,2018-05-09,"Cristina Gallego, Ciro Guerra",,
192,tt4285496,2019-09-26,2019-09-26,,El abrazo de la serpiente,https://www.imdb.com/title/tt4285496/,movie,7.8,125,2015,"Adventure, Biography, Drama",24296,2015-05-15,Ciro Guerra,,
193,tt1933667,2019-09-29,2019-09-29,,The Wizard of Lies,https://www.imdb.com/title/tt1933667/,tvMovie,6.8,133,2017,"Biography, Crime, Drama",28393,2017-05-11,Barry Levinson,,
194,tt5693182,2019-10-04,2019-10-04,,Creation Stories,https://www.imdb.com/title/tt5693182/,movie,6.1,105,2021,"Biography, Drama, Music",1519,2021-02-24,Nick Moran,,
195,tt4084744,2019-11-02,2019-11-02,,Bitva za Sevastopol,https://www.imdb.com/title/tt4084744/,movie,7.0,110,2015,"Action, Biography, Drama, History, Romance, War",13813,2015-04-02,Sergey Mokritskiy,,
196,tt0093058,2019-12-03,2019-12-03,,Full Metal Jacket,https://www.imdb.com/title/tt0093058/,movie,8.3,116,1987,"Drama, War",784223,1987-06-17,Stanley Kubrick,,
197,tt6924650,2019-12-04,2019-12-04,,Midway,https://www.imdb.com/title/tt6924650/,movie,6.7,138,2019,"Action, Drama, History, War",93573,2019-10-24,Roland Emmerich,,
198,tt2481498,2019-12-13,2019-12-13,,"Extremely Wicked, Shockingly Evil and Vile",https://www.imdb.com/title/tt2481498/,movie,6.7,110,2019,"Biography, Crime, Drama, Mystery, Thriller",101636,2019-01-26,Joe Berlinger,,
199,tt4093826,2019-12-18,2019-12-18,,Twin Peaks: The Return,https://www.imdb.com/title/tt4093826/,tvSeries,8.5,1032,2017,"Crime, Drama, Horror, Mystery, Thriller",74811,2017-03-14,,,
200,tt6823368,2020-01-01,2020-01-01,,Glass,https://www.imdb.com/title/tt6823368/,movie,6.6,129,2019,"Drama, Horror, Sci-Fi, Thriller",264579,2019-01-07,M. Night Shyamalan,,
201,tt0099348,2020-01-01,2020-01-01,,Dances with Wolves,https://www.imdb.com/title/tt0099348/,movie,8.0,181,1990,"Adventure, Drama, Western",287656,1990-10-19,Kevin Costner,,
202,tt0079417,2020-01-01,2020-01-01,,Kramer vs. Kramer,https://www.imdb.com/title/tt0079417/,movie,7.8,105,1979,Drama,153505,1979-12-05,Robert Benton,,
203,tt0138097,2020-01-01,2020-01-01,,Shakespeare in Love,https://www.imdb.com/title/tt0138097/,movie,7.1,123,1998,"Comedy, Drama, History, Romance",233289,1998-12-03,John Madden,,
204,tt0116209,2020-01-01,2020-01-01,,The English Patient,https://www.imdb.com/title/tt0116209/,movie,7.4,162,1996,"Drama, Romance, War",198911,1996-10-31,Anthony Minghella,,
205,tt0116282,2020-01-01,2020-01-01,,Fargo,https://www.imdb.com/title/tt0116282/,movie,8.1,98,1996,"Crime, Thriller",720138,1996-03-08,"Joel Coen, Ethan Coen",,
206,tt0119925,2020-01-02,2020-01-02,,The Postman,https://www.imdb.com/title/tt0119925/,movie,6.1,177,1997,"Action, Adventure, Drama, Sci-Fi",77792,1997-12-12,Kevin Costner,,
207,tt7549996,2020-01-06,2020-01-06,,Judy,https://www.imdb.com/title/tt7549996/,movie,6.8,118,2019,"Biography, Drama, Music, Romance",54476,2019-08-30,Rupert Goold,,
208,tt0364569,2020-01-08,2020-01-08,,Oldeuboi,https://www.imdb.com/title/tt0364569/,movie,8.3,120,2003,"Action, Drama, Mystery, Thriller",628505,2003-11-21,Park Chan-wook,,
209,tt0054215,2020-01-08,2020-01-08,,Psycho,https://www.imdb.com/title/tt0054215/,movie,8.5,109,1960,"Horror, Mystery, Thriller",712714,1960-06-16,Alfred Hitchcock,,
210,tt0765443,2020-01-08,2020-01-08,,Eastern Promises,https://www.imdb.com/title/tt0765443/,movie,7.6,100,2007,"Crime, Drama, Thriller",259031,2007-09-08,David Cronenberg,,
211,tt0119008,2020-01-08,2020-01-08,,Donnie Brasco,https://www.imdb.com/title/tt0119008/,movie,7.7,127,1997,"Biography, Crime, Drama",329737,1997-02-24,Mike Newell,,
212,tt0099850,2020-01-08,2020-01-08,,Internal Affairs,https://www.imdb.com/title/tt0099850/,movie,6.5,115,1990,"Crime, Drama, Thriller",22279,1990-01-12,Mike Figgis,,
213,tt0338564,2020-01-08,2020-01-08,,Mou gaan dou,https://www.imdb.com/title/tt0338564/,movie,8.0,101,2002,"Action, Crime, Drama, Mystery, Thriller",130531,2002-12-09,"Alan Mak, Andrew Lau",,
214,tt0106489,2020-01-08,2020-01-08,,A Bronx Tale,https://www.imdb.com/title/tt0106489/,movie,7.8,121,1993,"Crime, Drama",158757,1993-09-09,Robert De Niro,,
215,tt3513548,2020-01-13,2020-01-13,,Richard Jewell,https://www.imdb.com/title/tt3513548/,movie,7.5,131,2019,"Biography, Crime, Drama",96655,2019-11-20,Clint Eastwood,,
216,tt3281548,2020-01-13,2020-01-13,,Little Women,https://www.imdb.com/title/tt3281548/,movie,7.8,135,2019,"Drama, Romance",240467,2019-12-07,Greta Gerwig,,
217,tt5538670,2020-01-16,2020-01-16,,Pacto de Fuga,https://www.imdb.com/title/tt5538670/,movie,6.9,135,2020,"Drama, Thriller",2393,2020-01-23,David Albala,,
218,tt6679794,2020-01-17,2020-01-17,,Outlaw King,https://www.imdb.com/title/tt6679794/,movie,6.9,121,2018,"Action, Biography, Drama, History, War",80096,2018-09-06,David Mackenzie,,
219,tt4846340,2020-01-18,2020-01-18,,Hidden Figures,https://www.imdb.com/title/tt4846340/,movie,7.8,127,2016,"Biography, Drama, History",252466,2016-12-01,Theodore Melfi,,
220,tt5466186,2020-01-19,2020-01-19,,Entebbe,https://www.imdb.com/title/tt5466186/,movie,5.9,107,2018,"Action, Drama, History, Thriller",17169,2018-02-19,José Padilha,,
221,tt0062430,2020-01-24,2020-01-24,,Valley of the Dolls,https://www.imdb.com/title/tt0062430/,movie,6.0,123,1967,"Drama, Music, Romance",9664,1967-12-13,Mark Robson,,
222,tt0393109,2020-01-26,2020-01-26,,Brick,https://www.imdb.com/title/tt0393109/,movie,7.1,110,2005,"Crime, Drama, Mystery, Thriller",109740,2005-01-31,Rian Johnson,,
223,tt0804497,2020-01-26,2020-01-26,,It's Kind of a Funny Story,https://www.imdb.com/title/tt0804497/,movie,7.1,101,2010,"Comedy, Drama, Romance",147431,2010-07-02,"Anna Boden, Ryan Fleck",,
224,tt2101441,2020-01-26,2020-01-26,,Spring Breakers,https://www.imdb.com/title/tt2101441/,movie,5.3,94,2012,"Crime, Drama, Thriller",147968,2012-09-05,Harmony Korine,,
225,tt2474958,2020-01-26,2020-01-26,,Kill Your Friends,https://www.imdb.com/title/tt2474958/,movie,6.0,103,2015,"Comedy, Crime, Music, Thriller",10009,2015-08-05,Owen Harris,,
226,tt1502397,2020-01-26,2020-01-26,,Bad Boys for Life,https://www.imdb.com/title/tt1502397/,movie,6.5,124,2020,"Action, Comedy, Crime, Thriller",173449,2020-01-07,"Bilall Fallah, Adil El Arbi",,
227,tt3203606,2020-01-29,2020-01-29,,Trumbo,https://www.imdb.com/title/tt3203606/,movie,7.4,124,2015,"Biography, Drama",84509,2015-09-12,Jay Roach,,
228,tt2316411,2020-01-29,2020-01-29,,Enemy,https://www.imdb.com/title/tt2316411/,movie,6.9,91,2013,"Drama, Mystery, Thriller",211587,2013-09-08,Denis Villeneuve,,
229,tt0390384,2020-01-29,2020-01-29,,Primer,https://www.imdb.com/title/tt0390384/,movie,6.7,77,2004,"Drama, Sci-Fi, Thriller",113425,2004-01-16,Shane Carruth,,
230,tt2866360,2020-01-29,2020-01-29,,Coherence,https://www.imdb.com/title/tt2866360/,movie,7.2,89,2013,"Drama, Mystery, Sci-Fi, Thriller",144152,2013-09-19,James Ward Byrkit,,
231,tt0117774,2020-02-08,2020-02-08,,The Substitute,https://www.imdb.com/title/tt0117774/,movie,6.0,114,1996,"Action, Crime, Drama, Thriller",15498,1996-04-19,Robert Mandel,,
232,tt0085549,2020-02-08,2020-02-08,,Flashdance,https://www.imdb.com/title/tt0085549/,movie,6.2,95,1983,"Drama, Music, Romance",58968,1983-04-15,Adrian Lyne,,
233,tt0405422,2020-02-11,2020-02-11,,The 40 Year Old Virgin,https://www.imdb.com/title/tt0405422/,movie,7.1,116,2005,"Comedy, Romance",463178,2005-08-11,Judd Apatow,,
234,tt7976208,2020-02-12,2020-02-12,,The Haunting of Sharon Tate,https://www.imdb.com/title/tt7976208/,movie,2.9,94,2019,"Drama, Horror, Thriller",4403,2019-04-05,Daniel Farrands,,
235,tt8637428,2020-02-27,2020-02-27,,The Farewell,https://www.imdb.com/title/tt8637428/,movie,7.5,100,2019,"Comedy, Drama",70346,2019-01-25,Lulu Wang,,
236,tt7984734,2020-02-27,2020-02-27,,The Lighthouse,https://www.imdb.com/title/tt7984734/,movie,7.4,109,2019,"Drama, Fantasy, Horror, Mystery, Thriller",250806,2019-05-19,Robert Eggers,,
237,tt0073650,2020-03-28,2020-03-28,,Salò o le 120 giornate di Sodoma,https://www.imdb.com/title/tt0073650/,movie,5.8,117,1975,Drama,65231,1975-11-22,Pier Paolo Pasolini,,
238,tt0119237,2020-03-29,2020-03-29,,Gummo,https://www.imdb.com/title/tt0119237/,movie,6.6,89,1997,"Comedy, Drama",37946,1997-08-29,Harmony Korine,,
239,tt0861689,2020-04-07,2020-04-07,,Blindness,https://www.imdb.com/title/tt0861689/,movie,6.5,121,2008,"Drama, Mystery, Thriller",74958,2008-05-14,Fernando Meirelles,,
240,tt0097216,2020-04-12,2020-04-12,,Do the Right Thing,https://www.imdb.com/title/tt0097216/,movie,8.0,120,1989,"Comedy, Drama",111367,1989-05-19,Spike Lee,,
241,tt1439629,2020-04-16,2020-04-16,,Community,https://www.imdb.com/title/tt1439629/,tvSeries,8.5,22,2009,Comedy,290142,2009-09-16,,,
242,tt4844140,2020-04-18,2020-04-18,,True History of the Kelly Gang,https://www.imdb.com/title/tt4844140/,movie,6.0,124,2019,"Action, Biography, Crime, Drama, Western",13013,2019-09-11,Justin Kurzel,,
243,tt0119643,2020-04-26,2020-04-26,,Meet Joe Black,https://www.imdb.com/title/tt0119643/,movie,7.2,178,1998,"Drama, Fantasy, Romance",262179,1998-11-02,Martin Brest,,
244,tt1311076,2020-04-29,2020-04-29,,My Dinner with Hervé,https://www.imdb.com/title/tt1311076/,tvMovie,6.9,110,2018,"Biography, Drama",6636,2018-10-20,Sacha Gervasi,,
245,tt0454921,2020-04-30,2020-04-30,,The Pursuit of Happyness,https://www.imdb.com/title/tt0454921/,movie,8.0,117,2006,"Biography, Drama",555243,2006-12-15,Gabriele Muccino,,
246,tt2357129,2020-04-30,2020-04-30,,Jobs,https://www.imdb.com/title/tt2357129/,movie,6.0,128,2013,"Biography, Drama",103577,2013-01-25,Joshua Michael Stern,,
247,tt2080374,2020-04-30,2020-04-30,,Steve Jobs,https://www.imdb.com/title/tt2080374/,movie,7.2,122,2015,"Biography, Drama",177608,2015-09-05,Danny Boyle,,
248,tt4158110,2020-04-30,2020-04-30,,Mr. Robot,https://www.imdb.com/title/tt4158110/,tvSeries,8.5,49,2015,"Crime, Drama, Thriller",414698,2015-03-17,,,
249,tt2575988,2020-04-30,2020-04-30,,Silicon Valley,https://www.imdb.com/title/tt2575988/,tvSeries,8.5,28,2014,Comedy,164174,2014-04-06,,,
250,tt0100405,2020-05-08,2020-05-08,,Pretty Woman,https://www.imdb.com/title/tt0100405/,movie,7.1,119,1990,"Comedy, Romance",356922,1990-03-23,Garry Marshall,,
251,tt0118972,2020-05-08,2020-05-08,,The Devil's Own,https://www.imdb.com/title/tt0118972/,movie,6.2,111,1997,"Action, Crime, Drama, Thriller",71145,1997-03-13,Alan J. Pakula,,
252,tt0125439,2020-05-08,2020-05-08,,Notting Hill,https://www.imdb.com/title/tt0125439/,movie,7.2,124,1999,"Comedy, Drama, Romance",338736,1999-04-27,Roger Michell,,
253,tt2333598,2020-05-12,2020-05-12,,7 cajas,https://www.imdb.com/title/tt2333598/,movie,7.1,105,2012,"Adventure, Crime, Drama, Mystery, Thriller",6074,2012-08-10,"Juan Carlos Maneglia, Tana Schémbori",,
254,tt0247887,2020-05-21,2020-05-21,,Una noche con Sabrina Love,https://www.imdb.com/title/tt0247887/,movie,6.1,100,2000,"Comedy, Drama",949,2000-06-08,Alejandro Agresti,,
255,tt0190611,2020-05-21,2020-05-21,,Pantaleón y las visitadoras,https://www.imdb.com/title/tt0190611/,movie,7.1,137,1999,"Comedy, Drama",2625,1999-10-31,Francisco J. Lombardi,,
256,tt0261521,2020-05-21,2020-05-21,,Almejas y mejillones,https://www.imdb.com/title/tt0261521/,movie,4.6,92,2000,"Comedy, Romance",303,2000-08-17,Marcos Carnevale,,
257,tt0113845,2020-06-08,2020-06-08,,Money Train,https://www.imdb.com/title/tt0113845/,movie,5.7,110,1995,"Action, Comedy, Crime, Drama, Thriller",42983,1995-11-12,Joseph Ruben,,
258,tt0465538,2020-06-08,2020-06-08,,Michael Clayton,https://www.imdb.com/title/tt0465538/,movie,7.2,119,2007,"Crime, Drama, Mystery, Thriller",173282,2007-08-31,Tony Gilroy,,
259,tt0140352,2020-06-08,2020-06-08,,The Insider,https://www.imdb.com/title/tt0140352/,movie,7.8,157,1999,"Biography, Drama, Thriller",179175,1999-10-28,Michael Mann,,
260,tt5592796,2020-06-08,2020-06-08,,Driven,https://www.imdb.com/title/tt5592796/,movie,6.4,113,2018,"Biography, Comedy, Crime, Drama, History",8295,2018-09-08,Nick Hamm,,
261,tt0097165,2020-06-08,2020-06-08,,Dead Poets Society,https://www.imdb.com/title/tt0097165/,movie,8.1,128,1989,"Comedy, Drama",538460,1989-06-02,Peter Weir,,
262,tt0372784,2020-06-08,2020-06-08,,Batman Begins,https://www.imdb.com/title/tt0372784/,movie,8.2,140,2005,"Action, Crime, Drama",1564040,2005-05-31,Christopher Nolan,,
263,tt4034228,2020-06-08,2020-06-08,,Manchester by the Sea,https://www.imdb.com/title/tt4034228/,movie,7.8,137,2016,Drama,309389,2016-01-23,Kenneth Lonergan,,
264,tt0332379,2020-06-11,2020-06-11,,School of Rock,https://www.imdb.com/title/tt0332379/,movie,7.2,109,2003,"Comedy, Music",327681,2003-09-09,Richard Linklater,,
265,tt0119116,2020-06-15,2020-06-15,,Le cinquième élément,https://www.imdb.com/title/tt0119116/,movie,7.6,126,1997,"Action, Adventure, Sci-Fi",501711,1997-05-07,Luc Besson,,
266,tt0081505,2020-06-15,2020-06-15,,The Shining,https://www.imdb.com/title/tt0081505/,movie,8.4,146,1980,"Drama, Horror",1096124,1980-05-23,Stanley Kubrick,,
267,tt0120832,2020-06-16,2020-06-16,,Snake Eyes,https://www.imdb.com/title/tt0120832/,movie,6.1,98,1998,"Crime, Mystery, Thriller",86236,1998-07-30,Brian De Palma,,
268,tt0104684,2020-06-16,2020-06-16,,Lat sau san taam,https://www.imdb.com/title/tt0104684/,movie,7.7,128,1992,"Action, Crime, Thriller",53660,1992-03-21,John Woo,,
269,tt0808509,2020-06-16,2020-06-16,,Tom yum goong: The game,https://www.imdb.com/title/tt0808509/,videoGame,6.6,,2005,Action,161,2005-12-31,Prachya Pinkaew,,
270,tt2055789,2020-06-16,2020-06-16,,The Turbo Charged Prelude for 2 Fast 2 Furious,https://www.imdb.com/title/tt2055789/,video,6.0,6,2003,"Short, Action, Sport",5839,2003-06-03,Philip G. Atwell,,
271,tt1538503,2020-06-16,2020-06-16,,Los Bandoleros,https://www.imdb.com/title/tt1538503/,video,5.6,20,2009,"Short, Action, Drama, Family",5747,2009-07-28,Vin Diesel,,
272,tt1560747,2020-06-18,2020-06-18,,The Master,https://www.imdb.com/title/tt1560747/,movie,7.1,138,2012,"Drama, History",185069,2012-09-01,Paul Thomas Anderson,,
273,tt1791528,2020-06-18,2020-06-18,,Inherent Vice,https://www.imdb.com/title/tt1791528/,movie,6.6,148,2014,"Comedy, Crime, Drama, Mystery, Romance",110008,2014-10-04,Paul Thomas Anderson,,
274,tt0190590,2020-06-18,2020-06-18,,"O Brother, Where Art Thou?",https://www.imdb.com/title/tt0190590/,movie,7.7,107,2000,"Adventure, Comedy, Crime, Music",328636,2000-05-13,"Joel Coen, Ethan Coen",,
275,tt0181875,2020-06-18,2020-06-18,,Almost Famous,https://www.imdb.com/title/tt0181875/,movie,7.9,122,2000,"Adventure, Comedy, Drama, Music",291552,2000-09-08,Cameron Crowe,,
276,tt0196229,2020-06-18,2020-06-18,,Zoolander,https://www.imdb.com/title/tt0196229/,movie,6.5,90,2001,Comedy,289729,2001-09-28,Ben Stiller,,
277,tt0230600,2020-06-18,2020-06-18,,The Others,https://www.imdb.com/title/tt0230600/,movie,7.6,101,2001,"Horror, Mystery, Thriller",390467,2001-08-02,Alejandro Amenábar,,
278,tt0166924,2020-06-18,2020-06-18,,Mulholland Dr.,https://www.imdb.com/title/tt0166924/,movie,7.9,147,2001,"Drama, Mystery, Thriller",380669,2001-05-16,David Lynch,,
279,tt0265666,2020-06-18,2020-06-18,,The Royal Tenenbaums,https://www.imdb.com/title/tt0265666/,movie,7.6,110,2001,"Comedy, Drama",311423,2001-10-05,Wes Anderson,,
280,tt0243133,2020-06-18,2020-06-18,,The Man Who Wasn't There,https://www.imdb.com/title/tt0243133/,movie,7.5,116,2001,"Crime, Drama",114471,2001-05-13,Joel Coen,,
281,tt0290673,2020-06-18,2020-06-18,,Irréversible,https://www.imdb.com/title/tt0290673/,movie,7.3,97,2002,"Crime, Drama, Mystery, Thriller",146311,2002-05-22,Gaspar Noé,,
282,tt1833116,2020-06-22,2020-06-22,,The Informer,https://www.imdb.com/title/tt1833116/,movie,6.6,113,2019,"Action, Crime, Drama, Thriller",41656,2019-08-30,Andrea Di Stefano,,
283,tt7121252,2020-06-25,2020-06-25,,Sulla mia pelle,https://www.imdb.com/title/tt7121252/,movie,7.3,100,2018,"Biography, Drama",10097,2018-08-29,Alessio Cremonini,,
284,tt0240419,2020-06-30,2020-06-30,,La Ciénaga,https://www.imdb.com/title/tt0240419/,movie,7.1,103,2001,"Comedy, Drama",7738,2001-02-08,Lucrecia Martel,,
285,tt0105744,2020-06-30,2020-06-30,,El viaje,https://www.imdb.com/title/tt0105744/,movie,7.1,150,1992,"Adventure, Drama",819,1992-04-30,Fernando E. Solanas,,
286,tt0283552,2020-06-30,2020-06-30,,El polaquito,https://www.imdb.com/title/tt0283552/,movie,6.8,92,2003,"Crime, Drama, Romance, Thriller",746,2003-03-22,Juan Carlos Desanzo,,
287,tt1695405,2020-07-01,2020-07-01,,The Loneliest Planet,https://www.imdb.com/title/tt1695405/,movie,5.5,113,2011,"Drama, Thriller",4287,2011-08-11,Julia Loktev,,
288,tt1023114,2020-07-01,2020-07-01,,The Way Back,https://www.imdb.com/title/tt1023114/,movie,7.3,133,2010,"Adventure, Drama, History",121502,2010-09-03,Peter Weir,,
289,tt2167266,2020-07-01,2020-07-01,,Tracks,https://www.imdb.com/title/tt2167266/,movie,7.1,112,2013,"Adventure, Biography, Drama",31540,2013-05-22,John Curran,,
290,tt0359950,2020-07-01,2020-07-01,,The Secret Life of Walter Mitty,https://www.imdb.com/title/tt0359950/,movie,7.3,114,2013,"Adventure, Comedy, Drama, Fantasy, Romance",338428,2013-10-05,Ben Stiller,,
291,tt0861739,2020-07-08,2020-07-08,,Tropa de Elite,https://www.imdb.com/title/tt0861739/,movie,8.0,115,2007,"Action, Crime, Drama, Thriller",109406,2007-08-17,José Padilha,,
292,tt1555149,2020-07-08,2020-07-08,,Tropa de Elite 2: O Inimigo Agora é Outro,https://www.imdb.com/title/tt1555149/,movie,8.0,115,2010,"Action, Crime, Drama, Thriller",86304,2010-10-08,José Padilha,,
293,tt0140888,2020-07-08,2020-07-08,,Central do Brasil,https://www.imdb.com/title/tt0140888/,movie,8.0,110,1998,Drama,41962,1998-01-16,Walter Salles,,
294,tt1280567,2020-07-08,2020-07-08,,Última Parada 174,https://www.imdb.com/title/tt1280567/,movie,7.1,110,2008,"Crime, Drama, Thriller",5547,2008-09-06,Bruno Barreto,,
295,tt0108160,2020-07-15,2020-07-15,,Sleepless in Seattle,https://www.imdb.com/title/tt0108160/,movie,6.8,105,1993,"Comedy, Drama, Romance",189462,1993-06-25,Nora Ephron,,
296,tt0382625,2020-07-15,2020-07-15,,The Da Vinci Code,https://www.imdb.com/title/tt0382625/,movie,6.6,149,2006,"Mystery, Thriller",456197,2006-05-17,Ron Howard,,
297,tt0808151,2020-07-15,2020-07-15,,Angels & Demons,https://www.imdb.com/title/tt0808151/,movie,6.7,138,2009,"Action, Mystery, Thriller",308061,2009-05-04,Ron Howard,,
298,tt8506788,2020-07-22,2020-07-22,,Sueño Florianópolis,https://www.imdb.com/title/tt8506788/,movie,6.4,106,2018,"Comedy, Drama, Romance",561,2018-07-04,Ana Katz,,
299,tt0322884,2020-07-22,2020-07-22,,El juego de la silla,https://www.imdb.com/title/tt0322884/,movie,6.7,93,2002,Comedy,186,2002-09-23,Ana Katz,,
300,tt0098621,2020-07-22,2020-07-22,,The War of the Roses,https://www.imdb.com/title/tt0098621/,movie,6.8,116,1989,"Comedy, Romance",56884,1989-12-04,Danny DeVito,,
301,tt0104466,2020-07-22,2020-07-22,,Husbands and Wives,https://www.imdb.com/title/tt0104466/,movie,7.5,108,1992,"Comedy, Drama, Romance",31045,1992-09-14,Woody Allen,,
302,tt0959337,2020-07-22,2020-07-22,,Revolutionary Road,https://www.imdb.com/title/tt0959337/,movie,7.3,119,2008,"Drama, Romance",223631,2008-12-15,Sam Mendes,,
303,tt0275491,2020-07-22,2020-07-22,,La mala educación,https://www.imdb.com/title/tt0275491/,movie,7.4,106,2004,"Crime, Drama",63148,2004-03-19,Pedro Almodóvar,,
304,tt0287467,2020-07-22,2020-07-22,,Hable con ella,https://www.imdb.com/title/tt0287467/,movie,7.9,112,2002,"Drama, Mystery, Romance",117017,2002-03-15,Pedro Almodóvar,,
305,tt1189073,2020-07-22,2020-07-22,,La piel que habito,https://www.imdb.com/title/tt1189073/,movie,7.6,120,2011,"Drama, Horror, Mystery, Thriller",164480,2011-05-19,Pedro Almodóvar,,
306,tt0185125,2020-07-22,2020-07-22,,Todo sobre mi madre,https://www.imdb.com/title/tt0185125/,movie,7.8,101,1999,"Comedy, Drama, Romance",102245,1999-04-08,Pedro Almodóvar,,
307,tt0109446,2020-07-27,2020-07-27,,The Client,https://www.imdb.com/title/tt0109446/,movie,6.7,119,1994,"Crime, Drama, Mystery, Thriller",73109,1994-07-20,Joel Schumacher,,
308,tt0313542,2020-07-27,2020-07-27,,Runaway Jury,https://www.imdb.com/title/tt0313542/,movie,7.1,127,2003,"Crime, Drama, Thriller",104012,2003-10-09,Gary Fleder,,
309,tt0102945,2020-07-27,2020-07-27,,Sleeping with the Enemy,https://www.imdb.com/title/tt0102945/,movie,6.3,99,1991,"Drama, Thriller",64532,1991-02-04,Joseph Ruben,,
310,tt0117913,2020-07-27,2020-07-27,,A Time to Kill,https://www.imdb.com/title/tt0117913/,movie,7.5,149,1996,"Crime, Drama, Thriller",180153,1996-07-24,Joel Schumacher,,
311,tt0251160,2020-07-27,2020-07-27,,John Q,https://www.imdb.com/title/tt0251160/,movie,7.1,116,2002,"Crime, Drama, Thriller",142813,2002-02-15,Nick Cassavetes,,
312,tt0174856,2020-07-27,2020-07-27,,The Hurricane,https://www.imdb.com/title/tt0174856/,movie,7.6,146,1999,"Biography, Drama, Sport",101921,1999-09-17,Norman Jewison,,
313,tt1385826,2020-08-16,2020-08-16,,The Adjustment Bureau,https://www.imdb.com/title/tt1385826/,movie,7.0,106,2011,"Crime, Drama, Mystery, Romance, Sci-Fi, Thriller",269072,2011-02-14,George Nolfi,,
314,tt0096463,2020-08-16,2020-08-16,,Working Girl,https://www.imdb.com/title/tt0096463/,movie,6.8,113,1988,"Comedy, Drama, Romance",61850,1988-12-20,Mike Nichols,,
315,tt0477302,2020-08-16,2020-08-16,,Extremely Loud & Incredibly Close,https://www.imdb.com/title/tt0477302/,movie,6.9,129,2011,"Adventure, Drama, Mystery",104892,2011-12-15,Stephen Daldry,,
316,tt0486551,2020-08-24,2020-08-24,,Beerfest,https://www.imdb.com/title/tt0486551/,movie,6.2,110,2006,Comedy,71152,2006-08-25,Jay Chandrasekhar,,
317,tt2582846,2020-08-24,2020-08-24,,The Fault in Our Stars,https://www.imdb.com/title/tt2582846/,movie,7.7,126,2014,"Drama, Romance",398473,2014-05-16,Josh Boone,,
318,tt0840361,2020-08-25,2020-08-25,,The Town,https://www.imdb.com/title/tt0840361/,movie,7.5,125,2010,"Crime, Drama, Thriller",412837,2010-09-08,Ben Affleck,,
319,tt1860357,2020-08-25,2020-08-25,,Deepwater Horizon,https://www.imdb.com/title/tt1860357/,movie,7.1,107,2016,"Action, Drama, History, Thriller",180522,2016-09-13,Peter Berg,,
320,tt1229340,2020-08-30,2020-08-30,,Anchorman 2: The Legend Continues,https://www.imdb.com/title/tt1229340/,movie,6.3,119,2013,Comedy,191433,2013-11-24,Adam McKay,,
321,tt1126618,2020-08-30,2020-08-30,,Morning Glory,https://www.imdb.com/title/tt1126618/,movie,6.5,107,2010,"Comedy, Drama, Romance",82205,2010-11-07,Roger Michell,,
322,tt0449467,2020-09-08,2020-09-08,,Babel,https://www.imdb.com/title/tt0449467/,movie,7.5,143,2006,Drama,315970,2006-05-23,Alejandro G. Iñárritu,,
323,tt2503944,2020-09-09,2020-09-09,,Burnt,https://www.imdb.com/title/tt2503944/,movie,6.6,101,2015,"Comedy, Drama",131829,2015-10-18,John Wells,,
324,tt0077416,2020-09-20,2020-09-20,,The Deer Hunter,https://www.imdb.com/title/tt0077416/,movie,8.1,183,1978,"Drama, War",359642,1978-12-08,Michael Cimino,,
325,tt0091763,2020-09-20,2020-09-20,,Platoon,https://www.imdb.com/title/tt0091763/,movie,8.1,120,1986,"Drama, War",436034,1986-12-19,Oliver Stone,,
326,tt0096969,2020-09-20,2020-09-20,,Born on the Fourth of July,https://www.imdb.com/title/tt0096969/,movie,7.2,145,1989,"Biography, Drama, War",115062,1989-12-20,Oliver Stone,,
327,tt0107096,2020-09-20,2020-09-20,,Heaven & Earth,https://www.imdb.com/title/tt0107096/,movie,6.8,140,1993,"Action, Biography, Drama, History, War",15031,1993-12-25,Oliver Stone,,
328,tt0131369,2020-09-21,2020-09-21,,EDtv,https://www.imdb.com/title/tt0131369/,movie,6.1,122,1999,"Comedy, Drama",44874,1999-03-26,Ron Howard,,
329,tt1210166,2020-09-23,2020-09-23,,Moneyball,https://www.imdb.com/title/tt1210166/,movie,7.6,133,2011,"Biography, Drama, Sport",460143,2011-09-09,Bennett Miller,,
330,tt0945513,2020-09-23,2020-09-23,,Source Code,https://www.imdb.com/title/tt0945513/,movie,7.5,93,2011,"Action, Drama, Mystery, Sci-Fi, Thriller",546230,2011-03-11,Duncan Jones,,
331,tt1172570,2020-10-17,2020-10-17,,Bronson,https://www.imdb.com/title/tt1172570/,movie,7.0,92,2008,"Action, Crime, Drama",140039,2008-10-31,Nicolas Winding Refn,,
332,tt1602613,2020-10-17,2020-10-17,,Only God Forgives,https://www.imdb.com/title/tt1602613/,movie,5.7,90,2013,"Action, Crime, Drama, Thriller",117561,2013-05-22,Nicolas Winding Refn,,
333,tt1974419,2020-10-17,2020-10-17,,The Neon Demon,https://www.imdb.com/title/tt1974419/,movie,6.1,117,2016,"Horror, Thriller",103285,2016-05-20,Nicolas Winding Refn,,
334,tt0862467,2020-10-17,2020-10-17,,Valhalla Rising,https://www.imdb.com/title/tt0862467/,movie,6.0,93,2009,"Action, Adventure, Drama, Fantasy",63353,2009-09-04,Nicolas Winding Refn,,
335,tt1591479,2020-10-19,2020-10-19,,Act of Valor,https://www.imdb.com/title/tt1591479/,movie,6.4,110,2012,"Action, Adventure, Thriller, War",71557,2012-02-07,"Mike McCoy, Scott Waugh",,
336,tt0277434,2020-10-19,2020-10-19,,We Were Soldiers,https://www.imdb.com/title/tt0277434/,movie,7.2,138,2002,"Action, Drama, History, War",150319,2002-02-25,Randall Wallace,,
337,tt0082096,2020-10-19,2020-10-19,,Das Boot,https://www.imdb.com/title/tt0082096/,movie,8.4,149,1981,"Drama, War",262697,1981-09-17,Wolfgang Petersen,,
338,tt0091251,2020-10-19,2020-10-19,,Idi i smotri,https://www.imdb.com/title/tt0091251/,movie,8.4,142,1985,"Drama, Thriller, War",94859,1985-07-09,Elem Klimov,,
339,tt0289043,2020-10-31,2020-10-31,,28 Days Later...,https://www.imdb.com/title/tt0289043/,movie,7.5,113,2002,"Drama, Horror, Sci-Fi, Thriller",440974,2002-11-01,Danny Boyle,,
340,tt3381008,2020-11-01,2020-11-01,,Grimsby,https://www.imdb.com/title/tt3381008/,movie,6.2,83,2016,"Action, Adventure, Comedy, Crime",110322,2016-02-24,Louis Leterrier,,
341,tt0250468,2020-11-03,2020-11-03,,Killing Me Softly,https://www.imdb.com/title/tt0250468/,movie,5.4,100,2002,"Drama, Mystery, Romance, Thriller",19186,2002-02-23,Kaige Chen,,
342,tt0101507,2020-11-05,2020-11-05,,Boyz n the Hood,https://www.imdb.com/title/tt0101507/,movie,7.8,112,1991,"Crime, Drama",153106,1991-05-13,John Singleton,,
343,tt6628394,2020-11-11,2020-11-11,,Bad Times at the El Royale,https://www.imdb.com/title/tt6628394/,movie,7.1,141,2018,"Crime, Drama, Mystery, Thriller",163328,2018-09-22,Drew Goddard,,
344,tt0783233,2020-11-15,2020-11-15,,Atonement,https://www.imdb.com/title/tt0783233/,movie,7.8,123,2007,"Drama, Mystery, Romance, War",297526,2007-08-28,Joe Wright,,
345,tt1255953,2020-11-15,2020-11-15,,Incendies,https://www.imdb.com/title/tt1255953/,movie,8.3,131,2010,"Drama, Mystery, War",195591,2010-09-03,Denis Villeneuve,,
346,tt5259822,2020-11-16,2020-11-16,,Tesla,https://www.imdb.com/title/tt5259822/,movie,5.1,102,2020,"Biography, Drama",10297,2020-01-27,Michael Almereyda,,
347,tt9076562,2020-11-16,2020-11-16,,Irresistible,https://www.imdb.com/title/tt9076562/,movie,6.3,101,2020,"Comedy, Drama",23275,2020-06-26,Jon Stewart,,
348,tt6533240,2020-11-17,2020-11-17,,Night Hunter,https://www.imdb.com/title/tt6533240/,movie,5.9,98,2018,"Action, Thriller",26569,2018-09-28,David Raymond,,
349,tt0159097,2020-11-24,2020-11-24,,The Virgin Suicides,https://www.imdb.com/title/tt0159097/,movie,7.2,97,1999,"Drama, Romance",167709,1999-05-19,Sofia Coppola,,
350,tt0099587,2020-12-03,2020-12-03,,Flight of the Intruder,https://www.imdb.com/title/tt0099587/,movie,5.8,115,1991,"Action, Drama, Thriller, War",7641,1991-01-18,John Milius,,
351,tt10059518,2020-12-03,2020-12-03,,Unhinged,https://www.imdb.com/title/tt10059518/,movie,6.0,90,2020,"Action, Thriller",75956,2020-07-16,Derrick Borte,,
352,tt0090756,2020-12-06,2020-12-06,,Blue Velvet,https://www.imdb.com/title/tt0090756/,movie,7.7,120,1986,"Crime, Drama, Mystery, Thriller",213800,1986-08-30,David Lynch,,
353,tt1532503,2020-12-06,2020-12-06,,Beginners,https://www.imdb.com/title/tt1532503/,movie,7.2,105,2010,"Comedy, Drama, Romance",94541,2010-09-11,Mike Mills,,
354,tt8613070,2020-12-09,2020-12-09,,Portrait de la jeune fille en feu,https://www.imdb.com/title/tt8613070/,movie,8.1,122,2019,"Drama, Romance",107473,2019-05-19,Céline Sciamma,,
355,tt1191111,2020-12-09,2020-12-09,,Enter the Void,https://www.imdb.com/title/tt1191111/,movie,7.2,161,2009,"Drama, Fantasy",87339,2009-05-22,Gaspar Noé,,
356,tt0108399,2020-12-09,2020-12-09,,True Romance,https://www.imdb.com/title/tt0108399/,movie,7.9,119,1993,"Crime, Drama, Romance, Thriller",240677,1993-09-08,Tony Scott,,
357,tt9484998,2020-12-19,2020-12-19,,Palm Springs,https://www.imdb.com/title/tt9484998/,movie,7.4,90,2020,"Comedy, Fantasy, Mystery, Romance",180055,2020-01-26,Max Barbakow,,
358,tt1201167,2020-12-29,2020-12-29,,Funny People,https://www.imdb.com/title/tt1201167/,movie,6.3,146,2009,"Comedy, Drama",123300,2009-07-20,Judd Apatow,,
359,tt4846232,2020-12-29,2020-12-29,,Good Time,https://www.imdb.com/title/tt4846232/,movie,7.3,102,2017,"Crime, Drama, Thriller",138460,2017-05-25,"Josh Safdie, Benny Safdie",,
360,tt0120885,2020-12-29,2020-12-29,,Wag the Dog,https://www.imdb.com/title/tt0120885/,movie,7.1,97,1997,"Comedy, Drama",88074,1997-12-17,Barry Levinson,,
361,tt11394180,2020-12-29,2020-12-29,,Dick Johnson Is Dead,https://www.imdb.com/title/tt11394180/,movie,7.4,89,2020,"Documentary, Biography, Drama",7173,2020-01-25,Kirsten Johnson,,
362,tt11287096,2020-12-29,2020-12-29,,Esquirlas,https://www.imdb.com/title/tt11287096/,movie,7.4,69,2020,Documentary,134,2020-10-20,Natalia Garayalde,,
363,tt9686708,2020-12-29,2020-12-29,,The King of Staten Island,https://www.imdb.com/title/tt9686708/,movie,7.1,136,2020,"Comedy, Drama",76043,2020-06-12,Judd Apatow,,
364,tt7939766,2020-12-29,2020-12-29,,I'm Thinking of Ending Things,https://www.imdb.com/title/tt7939766/,movie,6.6,134,2020,"Drama, Thriller",98857,2020-08-28,Charlie Kaufman,,
365,tt0268126,2020-12-29,2020-12-29,,Adaptation.,https://www.imdb.com/title/tt0268126/,movie,7.7,115,2002,"Comedy, Drama",201820,2002-12-03,Spike Jonze,,
366,tt0120601,2020-12-29,2020-12-29,,Being John Malkovich,https://www.imdb.com/title/tt0120601/,movie,7.7,113,1999,"Comedy, Drama, Fantasy",351552,1999-09-02,Spike Jonze,,
367,tt0383028,2020-12-29,2020-12-29,,"Synecdoche, New York",https://www.imdb.com/title/tt0383028/,movie,7.5,124,2008,Drama,97585,2008-05-23,Charlie Kaufman,,
368,tt2401878,2020-12-29,2020-12-29,,Anomalisa,https://www.imdb.com/title/tt2401878/,movie,7.2,90,2015,"Animation, Comedy, Drama, Romance",74990,2015-09-04,"Charlie Kaufman, Duke Johnson",,
369,tt0974661,2020-12-31,2020-12-31,,17 Again,https://www.imdb.com/title/tt0974661/,movie,6.4,102,2009,"Comedy, Drama, Fantasy, Romance, Sport",214850,2009-03-11,Burr Steers,,
370,tt12474056,2021-01-05,2021-01-05,,Nuevo orden,https://www.imdb.com/title/tt12474056/,movie,6.5,86,2020,"Crime, Drama, Sci-Fi, Thriller",9253,2020-09-10,Michel Franco,,
371,tt7146812,2021-01-05,2021-01-05,,Onward,https://www.imdb.com/title/tt7146812/,movie,7.4,102,2020,"Animation, Action, Adventure, Comedy, Drama, Family, Fantasy, Sci-Fi",167794,2020-02-21,Dan Scanlon,,
372,tt0066921,2021-01-10,2021-01-10,,A Clockwork Orange,https://www.imdb.com/title/tt0066921/,movie,8.3,136,1971,"Crime, Sci-Fi",874991,1971-12-19,Stanley Kubrick,,
373,tt0266697,2021-01-10,2021-01-10,,Kill Bill: Vol. 1,https://www.imdb.com/title/tt0266697/,movie,8.2,111,2003,"Action, Crime, Thriller",1181591,2003-09-29,Quentin Tarantino,,
374,tt0454431,2021-01-10,2021-01-10,,Chocolate: Deep Dark Secrets,https://www.imdb.com/title/tt0454431/,movie,4.8,160,2005,"Crime, Drama, Mystery, Thriller",2291,2005-05-22,Vivek Agnihotri,,
375,tt1276104,2021-01-12,2021-01-12,,Looper,https://www.imdb.com/title/tt1276104/,movie,7.4,119,2012,"Action, Drama, Sci-Fi, Thriller",599820,2012-09-06,Rian Johnson,,
376,tt1306980,2021-01-12,2021-01-12,,50/50,https://www.imdb.com/title/tt1306980/,movie,7.6,100,2011,"Comedy, Drama, Romance",341945,2011-09-12,Jonathan Levine,,
377,tt0191754,2021-01-14,2021-01-14,,28 Days,https://www.imdb.com/title/tt0191754/,movie,6.1,103,2000,"Comedy, Drama",54028,2000-02-08,Betty Thomas,,
378,tt0088939,2021-01-25,2021-01-25,,The Color Purple,https://www.imdb.com/title/tt0088939/,movie,7.7,154,1985,Drama,96188,1985-12-16,Steven Spielberg,,
379,tt0092965,2021-01-25,2021-01-25,,Empire of the Sun,https://www.imdb.com/title/tt0092965/,movie,7.7,153,1987,"Drama, War",133475,1987-12-08,Steven Spielberg,,
380,tt0212720,2021-01-25,2021-01-25,,A.I. Artificial Intelligence,https://www.imdb.com/title/tt0212720/,movie,7.2,146,2001,"Drama, Sci-Fi",321292,2001-06-26,Steven Spielberg,,
381,tt0369339,2021-01-27,2021-01-27,,Collateral,https://www.imdb.com/title/tt0369339/,movie,7.5,120,2004,"Action, Crime, Drama, Thriller",430128,2004-08-02,Michael Mann,,
382,tt1613750,2021-01-29,2021-01-29,,Kon-Tiki,https://www.imdb.com/title/tt1613750/,movie,7.1,118,2012,"Adventure, Biography, Drama, History",51688,2012-08-18,"Espen Sandberg, Joachim Rønning",,
383,tt2980210,2021-02-02,2021-02-02,,A Hologram for the King,https://www.imdb.com/title/tt2980210/,movie,6.1,98,2016,"Comedy, Drama, Romance",47251,2016-04-20,Tom Tykwer,,
384,tt6219898,2021-02-05,2021-02-05,,The Tale of Thomas Burberry,https://www.imdb.com/title/tt6219898/,short,7.5,3,2016,"Short, Drama",793,2016-11-01,Asif Kapadia,,
385,tt4721124,2021-02-05,2021-02-05,,The Exception,https://www.imdb.com/title/tt4721124/,movie,6.8,107,2016,"Drama, Romance, War",15191,2016-09-12,David Leveaux,,
386,tt5943392,2021-02-05,2021-02-05,,Branagh Theatre Live: Romeo and Juliet,https://www.imdb.com/title/tt5943392/,movie,8.2,165,2016,Romance,425,2016-07-07,"Benjamin Caron, Kenneth Branagh, Rob Ashford",,
387,tt1441940,2021-02-05,2021-02-05,,Broken,https://www.imdb.com/title/tt1441940/,movie,7.2,91,2012,"Drama, Romance",14897,2012-05-17,Rufus Norris,,
388,tt2446980,2021-02-06,2021-02-06,,Joy,https://www.imdb.com/title/tt2446980/,movie,6.6,124,2015,"Biography, Drama",144269,2015-12-13,David O. Russell,,
389,tt0275309,2021-02-13,2021-02-13,,Dogtown and Z-Boys,https://www.imdb.com/title/tt0275309/,movie,7.6,91,2001,"Documentary, Sport",13306,2001-01-19,Stacy Peralta,,
390,tt10612922,2021-02-15,2021-02-15,,One Night in Miami...,https://www.imdb.com/title/tt10612922/,movie,7.1,114,2020,Drama,34066,2020-09-07,Regina King,,
391,tt6857376,2021-02-15,2021-02-15,,Palmer,https://www.imdb.com/title/tt6857376/,movie,7.3,110,2021,Drama,43033,2021-01-29,Fisher Stevens,,
392,tt9845564,2021-02-15,2021-02-15,,Bajo Cero,https://www.imdb.com/title/tt9845564/,movie,6.2,106,2021,"Action, Drama, Thriller",21372,2021-01-29,Lluís Quílez,,
393,tt9850386,2021-02-16,2021-02-16,,The Bee Gees: How Can You Mend a Broken Heart,https://www.imdb.com/title/tt9850386/,movie,8.1,111,2020,"Documentary, Biography, Music",5563,2020-10-01,Frank Marshall,,
394,tt1084950,2021-02-17,2021-02-17,,Rachel Getting Married,https://www.imdb.com/title/tt1084950/,movie,6.7,113,2008,"Drama, Romance",50978,2008-09-03,Jonathan Demme,,
395,tt2347569,2021-02-18,2021-02-18,,Frances Ha,https://www.imdb.com/title/tt2347569/,movie,7.4,86,2012,"Comedy, Drama, Romance",93320,2012-09-01,Noah Baumbach,,
396,tt5691670,2021-02-19,2021-02-19,,Under the Silver Lake,https://www.imdb.com/title/tt5691670/,movie,6.5,139,2018,"Crime, Drama, Mystery, Thriller",50293,2018-05-15,David Robert Mitchell,,
397,tt13890392,2021-02-20,2021-02-20,,Fake Famous,https://www.imdb.com/title/tt13890392/,tvMovie,6.6,87,2021,Documentary,2221,2021-02-02,Nick Bilton,,
398,tt1193138,2021-02-21,2021-02-21,,Up in the Air,https://www.imdb.com/title/tt1193138/,movie,7.4,109,2009,"Comedy, Drama, Romance",348179,2009-09-05,Jason Reitman,,
399,tt2883512,2021-02-21,2021-02-21,,Chef,https://www.imdb.com/title/tt2883512/,movie,7.3,114,2014,"Adventure, Comedy, Drama",229927,2014-03-07,Jon Favreau,,
400,tt1231583,2021-02-21,2021-02-21,,Due Date,https://www.imdb.com/title/tt1231583/,movie,6.5,95,2010,"Comedy, Drama",356540,2010-10-31,Todd Phillips,,
401,tt0112579,2021-02-22,2021-02-22,,The Bridges of Madison County,https://www.imdb.com/title/tt0112579/,movie,7.6,135,1995,"Drama, Romance",88130,1995-05-30,Clint Eastwood,,
402,tt0103074,2021-02-22,2021-02-22,,Thelma & Louise,https://www.imdb.com/title/tt0103074/,movie,7.6,130,1991,"Adventure, Crime, Drama",170663,1991-05-20,Ridley Scott,,
403,tt0108550,2021-02-22,2021-02-22,,What's Eating Gilbert Grape,https://www.imdb.com/title/tt0108550/,movie,7.7,118,1993,Drama,252322,1993-10-01,Lasse Hallström,,
404,tt0117381,2021-02-22,2021-02-22,,Primal Fear,https://www.imdb.com/title/tt0117381/,movie,7.7,129,1996,"Crime, Drama, Mystery, Thriller",244312,1996-04-01,Gregory Hoblit,,
405,tt5788792,2021-02-22,2021-02-22,,The Marvelous Mrs. Maisel,https://www.imdb.com/title/tt5788792/,tvSeries,8.7,2408,2017,"Comedy, Drama",141261,2017-03-17,,,
406,tt9698442,2021-03-02,2021-03-02,,Behind Her Eyes,https://www.imdb.com/title/tt9698442/,tvMiniSeries,7.2,298,2021,"Drama, Mystery, Thriller",73839,2021-02-17,,,
407,tt8980602,2021-03-04,2021-03-04,,The Kid Detective,https://www.imdb.com/title/tt8980602/,movie,7.0,100,2020,"Comedy, Drama, Mystery",21986,2020-09-13,Evan Morgan,,
408,tt7768092,2021-03-18,2021-03-18,,Valley of the Boom,https://www.imdb.com/title/tt7768092/,tvSeries,6.6,60,2019,"Drama, History",722,2019-01-13,,,
409,tt0120787,2021-03-21,2021-03-21,,A Perfect Murder,https://www.imdb.com/title/tt0120787/,movie,6.6,107,1998,"Crime, Drama, Thriller",91617,1998-01-31,Andrew Davis,,
410,tt0362225,2021-03-21,2021-03-21,,Ne le dis à personne,https://www.imdb.com/title/tt0362225/,movie,7.5,131,2006,"Crime, Drama, Mystery, Romance, Thriller",57708,2006-10-30,Guillaume Canet,,
411,tt1462041,2021-03-21,2021-03-21,,Dream House,https://www.imdb.com/title/tt1462041/,movie,6.0,92,2011,"Drama, Mystery, Thriller",68934,2011-09-29,Jim Sheridan,,
412,tt0808279,2021-03-21,2021-03-21,,Funny Games,https://www.imdb.com/title/tt0808279/,movie,6.5,111,2007,"Crime, Drama, Thriller",103185,2007-10-20,Michael Haneke,,
413,tt1772250,2021-03-21,2021-03-21,,La cara oculta,https://www.imdb.com/title/tt1772250/,movie,7.3,97,2011,"Drama, Horror, Mystery, Thriller",45973,2011-09-16,Andrés Baiz,,
414,tt1705118,2021-03-24,2021-03-24,,LelleBelle,https://www.imdb.com/title/tt1705118/,tvMovie,5.4,85,2010,"Drama, Music, Romance",1417,2010-09-27,Mischa Kamp,,
415,tt7149730,2021-03-29,2021-03-29,,The Silencing,https://www.imdb.com/title/tt7149730/,movie,6.3,93,2020,"Action, Crime, Mystery, Thriller",33093,2020-07-18,Robin Pront,,
416,tt1656177,2021-03-29,2021-03-29,,Target Number One,https://www.imdb.com/title/tt1656177/,movie,6.2,125,2020,"Crime, Drama, History, Mystery, Thriller",5658,2020-06-11,Daniel Roby,,
417,tt0093010,2021-03-30,2021-03-30,,Fatal Attraction,https://www.imdb.com/title/tt0093010/,movie,6.9,119,1987,"Drama, Thriller",96104,1987-09-16,Adrian Lyne,,
418,tt0076584,2021-03-30,2021-03-30,,Quel maledetto treno blindato,https://www.imdb.com/title/tt0076584/,movie,6.5,99,1978,"Action, Adventure, War",10330,1978-02-08,Enzo G. Castellari,,
419,tt0090563,2021-03-31,2021-03-31,,37°2 le matin,https://www.imdb.com/title/tt0090563/,movie,7.3,119,1986,"Drama, Romance",23167,1986-04-09,Jean-Jacques Beineix,,
420,tt0822832,2021-04-01,2021-04-01,,Marley & Me,https://www.imdb.com/title/tt0822832/,movie,7.0,111,2008,"Drama, Family",166848,2008-12-25,David Frankel,,
421,tt8372298,2021-04-01,2021-04-01,,Swallow,https://www.imdb.com/title/tt8372298/,movie,6.5,94,2019,"Drama, Thriller",27875,2019-04-28,Carlo Mirabella-Davis,,
422,tt0480255,2021-04-06,2021-04-06,,The Losers,https://www.imdb.com/title/tt0480255/,movie,6.2,97,2010,"Action, Adventure, Comedy, Crime, Mystery, Thriller",106555,2010-04-20,Sylvain White,,
423,tt0098724,2021-04-07,2021-04-07,,"Sex, Lies, and Videotape",https://www.imdb.com/title/tt0098724/,movie,7.2,100,1989,Drama,58901,1989-01-20,Steven Soderbergh,,
424,tt3829920,2021-04-11,2021-04-11,,Only the Brave,https://www.imdb.com/title/tt3829920/,movie,7.6,134,2017,"Action, Biography, Drama",76451,2017-10-18,Joseph Kosinski,,
425,tt2066051,2021-04-13,2021-04-13,,Rocketman,https://www.imdb.com/title/tt2066051/,movie,7.3,121,2019,"Biography, Drama, Music, Musical",192685,2019-05-16,Dexter Fletcher,,
426,tt1172049,2021-04-21,2021-04-21,,Demolition,https://www.imdb.com/title/tt1172049/,movie,7.0,101,2015,"Comedy, Drama",110470,2015-09-10,Jean-Marc Vallée,,
427,tt5319838,2021-04-25,2021-04-25,,The Cuba Libre Story,https://www.imdb.com/title/tt5319838/,tvMiniSeries,7.6,52,2015,"Documentary, History",2009,2015-12-11,,,
428,tt10514222,2021-04-26,2021-04-26,,Ma Rainey's Black Bottom,https://www.imdb.com/title/tt10514222/,movie,6.9,94,2020,"Drama, Music",57492,2020-11-25,George C. Wolfe,,
429,tt10633456,2021-04-26,2021-04-26,,Minari,https://www.imdb.com/title/tt10633456/,movie,7.4,115,2020,Drama,95182,2020-01-26,Lee Isaac Chung,,
430,tt10272386,2021-04-26,2021-04-26,,The Father,https://www.imdb.com/title/tt10272386/,movie,8.2,97,2020,"Drama, Mystery",188414,2020-01-27,Florian Zeller,,
431,tt7888964,2021-05-04,2021-05-04,,Nobody,https://www.imdb.com/title/tt7888964/,movie,7.4,92,2021,"Action, Crime, Drama, Thriller",319267,2021-03-18,Ilya Naishuller,,
432,tt3011894,2021-05-23,2021-05-23,,Relatos salvajes,https://www.imdb.com/title/tt3011894/,movie,8.1,122,2014,"Comedy, Drama, Thriller",214201,2014-05-17,Damián Szifron,,
433,tt0227277,2021-05-23,2021-05-23,,Plata quemada,https://www.imdb.com/title/tt0227277/,movie,7.0,125,2000,"Crime, Drama, Romance, Thriller",6809,2000-05-11,Marcelo Piñeyro,,
434,tt1817273,2021-05-23,2021-05-23,,The Place Beyond the Pines,https://www.imdb.com/title/tt1817273/,movie,7.3,140,2012,"Crime, Drama, Thriller",288098,2012-09-07,Derek Cianfrance,,
435,tt2584384,2021-05-24,2021-05-24,,Jojo Rabbit,https://www.imdb.com/title/tt2584384/,movie,7.9,108,2019,"Comedy, Drama, War",435422,2019-09-08,Taika Waititi,,
436,tt0292506,2021-06-18,2021-06-18,,The Recruit,https://www.imdb.com/title/tt0292506/,movie,6.6,115,2003,"Action, Thriller",141625,2003-01-25,Roger Donaldson,,
437,tt0073486,2021-06-22,2021-06-22,,One Flew Over the Cuckoo's Nest,https://www.imdb.com/title/tt0073486/,movie,8.7,133,1975,Drama,1063962,1975-11-19,Milos Forman,,
438,tt1600196,2021-06-30,2021-06-30,,The Drop,https://www.imdb.com/title/tt1600196/,movie,7.0,106,2014,"Crime, Drama, Thriller",161204,2014-09-05,Michaël R. Roskam,,
439,tt0267626,2021-06-30,2021-06-30,,K-19: The Widowmaker,https://www.imdb.com/title/tt0267626/,movie,6.7,138,2002,"Drama, History, Thriller, War",66920,2002-07-19,Kathryn Bigelow,,
440,tt3561180,2021-07-08,2021-07-08,,Ófærð,https://www.imdb.com/title/tt3561180/,tvSeries,8.0,60,2015,"Crime, Drama, Mystery, Thriller",24674,2015-09-20,,,
441,tt0093822,2021-08-22,2021-08-22,,Raising Arizona,https://www.imdb.com/title/tt0093822/,movie,7.3,94,1987,"Comedy, Crime",148974,1987-03-06,"Joel Coen, Ethan Coen",,
442,tt0113627,2021-08-22,2021-08-22,,Leaving Las Vegas,https://www.imdb.com/title/tt0113627/,movie,7.5,111,1995,"Drama, Romance",133425,1995-09-15,Mike Figgis,,
443,tt0893382,2021-08-25,2021-08-25,,Shine a Light,https://www.imdb.com/title/tt0893382/,movie,7.1,122,2008,"Documentary, Biography, Music",12257,2008-02-07,Martin Scorsese,,
444,tt1524137,2021-09-19,2021-09-19,,Contraband,https://www.imdb.com/title/tt1524137/,movie,6.4,109,2012,"Action, Adventure, Crime, Drama, Mystery, Thriller",125989,2012-01-12,Baltasar Kormákur,,
445,tt10986410,2021-09-20,2021-09-20,,Ted Lasso,https://www.imdb.com/title/tt10986410/,tvSeries,8.8,1453,2020,"Comedy, Drama, Sport",337749,2020-08-14,,,
446,tt1103275,2021-09-27,2021-09-27,,Two Lovers,https://www.imdb.com/title/tt1103275/,movie,7.0,110,2008,"Drama, Romance",43299,2008-05-19,James Gray,,
447,tt8110232,2021-09-27,2021-09-27,,The Many Saints of Newark,https://www.imdb.com/title/tt8110232/,movie,6.3,120,2021,"Crime, Drama",62546,2021-09-22,Alan Taylor,,
448,tt6794424,2021-10-04,2021-10-04,,LA 92,https://www.imdb.com/title/tt6794424/,movie,8.2,114,2017,"Documentary, Crime, History",6857,2017-04-21,"Daniel Lindsay, T.J. Martin",,
449,tt6338476,2021-10-06,2021-10-06,,Lost in London,https://www.imdb.com/title/tt6338476/,movie,6.1,103,2017,"Comedy, Drama",4663,2017-01-19,Woody Harrelson,,
450,tt8772262,2021-10-06,2021-10-06,,Midsommar,https://www.imdb.com/title/tt8772262/,movie,7.1,148,2019,"Drama, Horror, Mystery, Thriller",393394,2019-06-24,Ari Aster,,
451,tt1748207,2021-10-06,2021-10-06,,Sound of My Voice,https://www.imdb.com/title/tt1748207/,movie,6.6,87,2011,"Drama, Mystery, Sci-Fi, Thriller",22877,2011-01-24,Zal Batmanglij,,
452,tt1190634,2021-10-21,2021-10-21,,The Boys,https://www.imdb.com/title/tt1190634/,tvSeries,8.7,60,2019,"Action, Comedy, Crime, Drama, Sci-Fi",633031,2019-07-16,,,
453,tt0215750,2021-10-24,2021-10-24,,Enemy at the Gates,https://www.imdb.com/title/tt0215750/,movie,7.5,131,2001,"Action, Drama, War",276032,2001-02-07,Jean-Jacques Annaud,,
454,tt7660850,2021-11-02,2021-11-02,,Succession,https://www.imdb.com/title/tt7660850/,tvSeries,8.8,2409,2018,"Comedy, Drama",263234,2018-04-27,,,
455,tt14039582,2022-01-10,2022-01-10,,Doraibu mai kâ,https://www.imdb.com/title/tt14039582/,movie,7.5,179,2021,Drama,63895,2021-07-11,Ryûsuke Hamaguchi,,
456,tt13066182,2022-01-10,2022-01-10,,El buen patrón,https://www.imdb.com/title/tt13066182/,movie,7.1,116,2021,"Comedy, Drama",12861,2021-09-21,Fernando León de Aranoa,,
457,tt9639470,2022-01-10,2022-01-10,,Last Night in Soho,https://www.imdb.com/title/tt9639470/,movie,7.0,116,2021,"Drama, Horror, Mystery, Thriller",172993,2021-09-04,Edgar Wright,,
458,tt7740496,2022-01-10,2022-01-10,,Nightmare Alley,https://www.imdb.com/title/tt7740496/,movie,7.0,150,2021,"Crime, Drama, Thriller",163401,2021-12-01,Guillermo del Toro,,
459,tt10626534,2022-01-12,2022-01-12,,Transgression,https://www.imdb.com/title/tt10626534/,movie,4.2,99,2017,Drama,177,2017-10-31,Val Todorov,,
460,tt3108894,2022-01-12,2022-01-12,,The Tender Bar,https://www.imdb.com/title/tt3108894/,movie,6.7,106,2021,"Biography, Drama",33313,2021-10-10,George Clooney,,
461,tt0488120,2022-01-18,2022-01-18,,Fracture,https://www.imdb.com/title/tt0488120/,movie,7.2,113,2007,"Crime, Drama, Thriller",217588,2007-04-11,Gregory Hoblit,,
462,tt11271038,2022-01-28,2022-01-28,,Licorice Pizza,https://www.imdb.com/title/tt11271038/,movie,7.1,133,2021,"Comedy, Drama, Romance",138725,2021-11-20,Paul Thomas Anderson,,
463,tt0101410,2022-03-10,2022-03-10,,Barton Fink,https://www.imdb.com/title/tt0101410/,movie,7.6,116,1991,"Comedy, Drama, Thriller",128249,1991-05-18,"Joel Coen, Ethan Coen",,
464,tt0122515,2022-03-10,2022-03-10,,The Acid House,https://www.imdb.com/title/tt0122515/,movie,6.2,111,1998,"Comedy, Drama",8022,1998-07-02,Paul McGuigan,,
465,tt0113540,2022-03-10,2022-03-10,,Kids,https://www.imdb.com/title/tt0113540/,movie,7.0,91,1995,Drama,84020,1995-01-31,Larry Clark,,
466,tt5294522,2022-03-13,2022-03-13,,Dreamland,https://www.imdb.com/title/tt5294522/,movie,5.9,98,2019,"Drama, Thriller, Western",8269,2019-04-13,Miles Joris-Peyrafitte,,
467,tt2180339,2022-04-01,2022-04-01,,Deep Water,https://www.imdb.com/title/tt2180339/,movie,5.5,115,2022,"Drama, Mystery, Thriller",56236,2022-03-17,Adrian Lyne,,
468,tt0265459,2022-04-05,2022-04-05,,One Hour Photo,https://www.imdb.com/title/tt0265459/,movie,6.8,96,2002,"Drama, Thriller",131056,2002-01-13,Mark Romanek,,
469,tt3876910,2022-05-05,2022-05-05,,Dangerous,https://www.imdb.com/title/tt3876910/,movie,5.1,99,2021,"Action, Thriller",8446,2021-11-05,David Hackl,,
470,tt0369441,2022-05-06,2022-05-06,,Fun with Dick and Jane,https://www.imdb.com/title/tt0369441/,movie,6.2,90,2005,"Comedy, Crime",153123,2005-12-21,Dean Parisot,,
471,tt1386588,2022-05-06,2022-05-06,,The Other Guys,https://www.imdb.com/title/tt1386588/,movie,6.6,107,2010,"Action, Comedy, Crime, Thriller",286194,2010-08-02,Adam McKay,,
472,tt0119381,2022-05-28,2022-05-28,,Inventing the Abbotts,https://www.imdb.com/title/tt0119381/,movie,6.4,110,1997,"Drama, Romance",13903,1997-04-04,Pat O'Connor,,
473,tt0970179,2022-07-01,2022-07-01,,Hugo,https://www.imdb.com/title/tt0970179/,movie,7.5,126,2011,"Adventure, Drama, Family, Fantasy, Mystery",335494,2011-10-10,Martin Scorsese,,
474,tt1440292,2022-07-25,2022-07-25,,Submarine,https://www.imdb.com/title/tt1440292/,movie,7.3,97,2010,"Comedy, Drama, Romance",96077,2010-09-12,Richard Ayoade,,
475,tt0096716,2022-08-05,2022-08-05,,Traffik,https://www.imdb.com/title/tt0096716/,tvMiniSeries,8.4,315,1989,"Crime, Drama",1577,1989-06-22,,,
476,tt0475394,2022-08-11,2022-08-11,,Smokin' Aces,https://www.imdb.com/title/tt0475394/,movie,6.6,109,2006,"Action, Comedy, Crime, Drama, Thriller",151490,2006-12-09,Joe Carnahan,,
477,tt12262116,2022-08-19,2022-08-19,,Thirteen Lives,https://www.imdb.com/title/tt12262116/,movie,7.8,147,2022,"Action, Adventure, Biography, Drama, Thriller",66470,2022-07-29,Ron Howard,,
478,tt13823494,2022-09-21,2022-09-21,,Pistol,https://www.imdb.com/title/tt13823494/,tvMiniSeries,7.6,,2022,"Biography, Drama, Music",8443,2022-05-31,,,
479,tt3704428,2022-09-21,2022-09-21,,Elvis,https://www.imdb.com/title/tt3704428/,movie,7.3,159,2022,"Biography, Drama, Music",229054,2022-05-25,Baz Luhrmann,,
480,tt13659418,2022-09-21,2022-09-21,,Pam & Tommy,https://www.imdb.com/title/tt13659418/,tvMiniSeries,7.3,340,2022,"Biography, Comedy, Drama, Romance",39351,2022-02-01,,,
481,tt9244556,2022-09-21,2022-09-21,,Mrs. America,https://www.imdb.com/title/tt9244556/,tvMiniSeries,7.9,458,2020,"Biography, Drama, History",13422,2020-04-15,,,
482,tt3224458,2022-09-21,2022-09-21,,A Beautiful Day in the Neighborhood,https://www.imdb.com/title/tt3224458/,movie,7.2,109,2019,"Biography, Drama",87704,2019-09-07,Marielle Heller,,
483,tt0109707,2022-09-21,2022-09-21,,Ed Wood,https://www.imdb.com/title/tt0109707/,movie,7.8,127,1994,"Biography, Comedy, Drama",183182,1994-09-24,Tim Burton,,
484,tt8746478,2022-09-21,2022-09-21,,Fosse/Verdon,https://www.imdb.com/title/tt8746478/,tvMiniSeries,7.9,402,2019,"Biography, Drama, Music",7267,2019-04-09,,,
485,tt6266538,2022-09-21,2022-09-21,,Vice,https://www.imdb.com/title/tt6266538/,movie,7.2,132,2018,"Biography, Comedy, Drama, History",160916,2018-12-12,Adam McKay,,
486,tt2388986,2022-09-21,2022-09-21,,Paterno,https://www.imdb.com/title/tt2388986/,tvMovie,6.5,105,2018,"Biography, Crime, Drama, Sport",7521,2018-04-07,Barry Levinson,,
487,tt4622512,2022-09-21,2022-09-21,,Battle of the Sexes,https://www.imdb.com/title/tt4622512/,movie,6.7,121,2017,"Biography, Comedy, Drama, History, Sport",59450,2017-09-02,"Jonathan Dayton, Valerie Faris",,
488,tt0340855,2022-09-21,2022-09-21,,Monster,https://www.imdb.com/title/tt0340855/,movie,7.3,109,2003,"Biography, Crime, Drama, Thriller",160523,2003-11-16,Patty Jenkins,,
489,tt2375255,2022-09-21,2022-09-21,,Liz & Dick,https://www.imdb.com/title/tt2375255/,tvMovie,4.0,88,2012,"Biography, Drama, Romance",4339,2012-11-25,Lloyd Kramer,,
490,tt2402085,2022-09-21,2022-09-21,,Jimi: All Is by My Side,https://www.imdb.com/title/tt2402085/,movie,5.7,118,2013,"Biography, Drama, Music",6988,2013-09-07,John Ridley,,
491,tt0432402,2022-09-21,2022-09-21,,Factory Girl,https://www.imdb.com/title/tt0432402/,movie,6.4,100,2006,"Biography, Drama",22274,2006-12-29,George Hickenlooper,,
492,tt0285728,2022-09-23,2022-09-23,,Dahmer,https://www.imdb.com/title/tt0285728/,movie,5.6,101,2002,"Biography, Crime, Drama, Horror, Thriller",11591,2002-06-21,David Jacobson,,
493,tt0115964,2022-12-30,2022-12-30,,Crash,https://www.imdb.com/title/tt0115964/,movie,6.4,100,1996,Drama,65755,1996-05-17,David Cronenberg,,
494,tt1273221,2023-03-04,2023-03-04,,London Fields,https://www.imdb.com/title/tt1273221/,movie,3.9,118,2018,"Crime, Mystery, Thriller",12078,2018-09-20,Mathew Cullen,,
495,tt11525644,2023-03-15,2023-03-15,,No Sudden Move,https://www.imdb.com/title/tt11525644/,movie,6.4,115,2021,"Crime, Drama, Mystery, Thriller",40661,2021-06-18,Steven Soderbergh,,
496,tt0400063,2023-04-08,2023-04-08,,Sometimes in April,https://www.imdb.com/title/tt0400063/,tvMovie,7.8,140,2005,"Drama, History, War",5987,2005-02-17,Raoul Peck,,
497,tt8236336,2023-06-07,2023-06-07,,The Report,https://www.imdb.com/title/tt8236336/,movie,7.2,119,2019,"Biography, Crime, Drama, History, Thriller",50051,2019-01-26,Scott Z. Burns,,
498,tt1536537,2023-06-23,2023-06-23,,What Happened to Monday,https://www.imdb.com/title/tt1536537/,movie,6.8,123,2017,"Action, Crime, Fantasy, Mystery, Sci-Fi, Thriller",133054,2017-08-05,Tommy Wirkola,,
499,tt1825157,2023-06-23,2023-06-23,,The Double,https://www.imdb.com/title/tt1825157/,movie,6.5,93,2013,"Comedy, Drama, Mystery, Sci-Fi, Thriller",52841,2013-09-07,Richard Ayoade,,
500,tt1637688,2023-06-23,2023-06-23,,In Time,https://www.imdb.com/title/tt1637688/,movie,6.7,109,2011,"Action, Sci-Fi, Thriller",442226,2011-10-20,Andrew Niccol,,
501,tt1980209,2023-06-23,2023-06-23,,Pain & Gain,https://www.imdb.com/title/tt1980209/,movie,6.4,129,2013,"Action, Biography, Comedy, Crime, Drama, Mystery",228311,2013-04-11,Michael Bay,,
502,tt0485947,2023-06-23,2023-06-23,,Mr. Nobody,https://www.imdb.com/title/tt0485947/,movie,7.7,141,2009,"Drama, Fantasy, Romance, Sci-Fi",244749,2009-09-11,Jaco Van Dormael,,
503,tt0278504,2023-09-16,2023-09-16,,Insomnia,https://www.imdb.com/title/tt0278504/,movie,7.2,118,2002,"Drama, Mystery, Thriller",316009,2002-05-03,Christopher Nolan,,
504,tt5537002,2023-11-15,2023-11-15,,Killers of the Flower Moon,https://www.imdb.com/title/tt5537002/,movie,7.7,206,2023,"Crime, Drama, History, Mystery, Romance, Western",204694,2023-05-20,Martin Scorsese,,
505,tt0421073,2023-12-06,2023-12-06,,Street Kings,https://www.imdb.com/title/tt0421073/,movie,6.8,109,2008,"Action, Crime, Thriller",120165,2008-04-03,David Ayer,,
506,tt0119223,2023-12-16,2023-12-16,,Great Expectations,https://www.imdb.com/title/tt0119223/,movie,6.8,111,1998,"Drama, Romance",56616,1998-01-30,Alfonso Cuarón,,
507,tt8688634,2023-12-20,2023-12-20,,21 Bridges,https://www.imdb.com/title/tt8688634/,movie,6.6,99,2019,"Action, Adventure, Crime, Drama, Mystery, Thriller",73343,2019-09-25,Brian Kirk,,
508,tt0206634,2024-01-02,2024-01-02,,Children of Men,https://www.imdb.com/title/tt0206634/,movie,7.9,109,2006,"Action, Drama, Sci-Fi, Thriller",526198,2006-09-03,Alfonso Cuarón,,
509,tt8080122,2024-02-14,2024-02-14,,Godfather of Harlem,https://www.imdb.com/title/tt8080122/,tvSeries,8.1,55,2019,"Crime, Drama",20395,2019-09-28,,,
